{
  "regions": [
    {
      "name": "Arecibo",
      "percentageClientsWithService": 99.84,
      "percentageClientsWithoutService": 0.16,
      "totalClients": 177369,
      "totalClientsWithService": 177081,
      "totalClientsWithoutService": 288
    },
    {
      "name": "Bayamon",
      "percentageClientsWithService": 99.99,
      "percentageClientsWithoutService": 0.01,
      "totalClients": 216496,
      "totalClientsWithService": 216470,
      "totalClientsWithoutService": 26
    },
    {
      "name": "Carolina",
      "percentageClientsWithService": 99.74,
      "percentageClientsWithoutService": 0.26,
      "totalClients": 141663,
      "totalClientsWithService": 141293,
      "totalClientsWithoutService": 370
    },
    {
      "name": "Caguas",
      "percentageClientsWithService": 99.67,
      "percentageClientsWithoutService": 0.33,
      "totalClients": 250514,
      "totalClientsWithService": 249696,
      "totalClientsWithoutService": 818
    },
    {
      "name": "Mayaguez",
      "percentageClientsWithService": 100.0,
      "percentageClientsWithoutService": 0.0,
      "totalClients": 216605,
      "totalClientsWithService": 216602,
      "totalClientsWithoutService": 3
    },
    {
      "name": "Ponce",
      "percentageClientsWithService": 99.99,
      "percentageClientsWithoutService": 0.01,
      "totalClients": 212508,
      "totalClientsWithService": 212493,
      "totalClientsWithoutService": 15
    },
    {
      "name": "San Juan",
      "percentageClientsWithService": 100.0,
      "percentageClientsWithoutService": 0.0,
      "totalClients": 253068,
      "totalClientsWithService": 253064,
      "totalClientsWithoutService": 4
    }
  ],
  "timestamp": "12/25/2023 07:35 AM",
  "totals": {
    "totalClients": 1468223,
    "totalClientsWithService": 1466699,
    "totalClientsWithoutService": 1524,
    "totalPercentageWithService": 99.9,
    "totalPercentageWithoutService": 0.1
  }
}