{
  "regions": [
    {
      "name": "Arecibo",
      "percentageClientsWithService": 99.95,
      "percentageClientsWithoutService": 0.05,
      "totalClients": 177369,
      "totalClientsWithService": 177281,
      "totalClientsWithoutService": 88
    },
    {
      "name": "Bayamon",
      "percentageClientsWithService": 99.99,
      "percentageClientsWithoutService": 0.01,
      "totalClients": 216496,
      "totalClientsWithService": 216482,
      "totalClientsWithoutService": 14
    },
    {
      "name": "Carolina",
      "percentageClientsWithService": 100.0,
      "percentageClientsWithoutService": 0.0,
      "totalClients": 141663,
      "totalClientsWithService": 141661,
      "totalClientsWithoutService": 2
    },
    {
      "name": "Caguas",
      "percentageClientsWithService": 99.67,
      "percentageClientsWithoutService": 0.33,
      "totalClients": 250514,
      "totalClientsWithService": 249694,
      "totalClientsWithoutService": 820
    },
    {
      "name": "Mayaguez",
      "percentageClientsWithService": 100.0,
      "percentageClientsWithoutService": 0.0,
      "totalClients": 216605,
      "totalClientsWithService": 216601,
      "totalClientsWithoutService": 4
    },
    {
      "name": "Ponce",
      "percentageClientsWithService": 99.99,
      "percentageClientsWithoutService": 0.01,
      "totalClients": 212508,
      "totalClientsWithService": 212486,
      "totalClientsWithoutService": 22
    },
    {
      "name": "San Juan",
      "percentageClientsWithService": 99.99,
      "percentageClientsWithoutService": 0.01,
      "totalClients": 253068,
      "totalClientsWithService": 253049,
      "totalClientsWithoutService": 19
    }
  ],
  "timestamp": "12/25/2023 08:30 AM",
  "totals": {
    "totalClients": 1468223,
    "totalClientsWithService": 1467254,
    "totalClientsWithoutService": 969,
    "totalPercentageWithService": 99.93,
    "totalPercentageWithoutService": 0.07
  }
}