{
  "regions": [
    {
      "name": "Arecibo",
      "percentageClientsWithService": 99.32,
      "percentageClientsWithoutService": 0.68,
      "totalClients": 177369,
      "totalClientsWithService": 176170,
      "totalClientsWithoutService": 1199
    },
    {
      "name": "Bayamon",
      "percentageClientsWithService": 99.95,
      "percentageClientsWithoutService": 0.05,
      "totalClients": 216496,
      "totalClientsWithService": 216382,
      "totalClientsWithoutService": 114
    },
    {
      "name": "Carolina",
      "percentageClientsWithService": 100.0,
      "percentageClientsWithoutService": 0.0,
      "totalClients": 141663,
      "totalClientsWithService": 141661,
      "totalClientsWithoutService": 2
    },
    {
      "name": "Caguas",
      "percentageClientsWithService": 99.95,
      "percentageClientsWithoutService": 0.05,
      "totalClients": 250514,
      "totalClientsWithService": 250378,
      "totalClientsWithoutService": 136
    },
    {
      "name": "Mayaguez",
      "percentageClientsWithService": 99.99,
      "percentageClientsWithoutService": 0.01,
      "totalClients": 216605,
      "totalClientsWithService": 216592,
      "totalClientsWithoutService": 13
    },
    {
      "name": "Ponce",
      "percentageClientsWithService": 100.0,
      "percentageClientsWithoutService": 0.0,
      "totalClients": 212508,
      "totalClientsWithService": 212505,
      "totalClientsWithoutService": 3
    },
    {
      "name": "San Juan",
      "percentageClientsWithService": 100.0,
      "percentageClientsWithoutService": 0.0,
      "totalClients": 253068,
      "totalClientsWithService": 253067,
      "totalClientsWithoutService": 1
    }
  ],
  "timestamp": "12/25/2023 02:55 PM",
  "totals": {
    "totalClients": 1468223,
    "totalClientsWithService": 1466755,
    "totalClientsWithoutService": 1468,
    "totalPercentageWithService": 99.9,
    "totalPercentageWithoutService": 0.1
  }
}