{
  "regions": [
    {
      "name": "Arecibo",
      "percentageClientsWithService": 100.0,
      "percentageClientsWithoutService": 0.0,
      "totalClients": 177369,
      "totalClientsWithService": 177369,
      "totalClientsWithoutService": 0
    },
    {
      "name": "Bayamon",
      "percentageClientsWithService": 99.95,
      "percentageClientsWithoutService": 0.05,
      "totalClients": 216496,
      "totalClientsWithService": 216380,
      "totalClientsWithoutService": 116
    },
    {
      "name": "Carolina",
      "percentageClientsWithService": 100.0,
      "percentageClientsWithoutService": 0.0,
      "totalClients": 141663,
      "totalClientsWithService": 141661,
      "totalClientsWithoutService": 2
    },
    {
      "name": "Caguas",
      "percentageClientsWithService": 100.0,
      "percentageClientsWithoutService": 0.0,
      "totalClients": 250514,
      "totalClientsWithService": 250512,
      "totalClientsWithoutService": 2
    },
    {
      "name": "Mayaguez",
      "percentageClientsWithService": 100.0,
      "percentageClientsWithoutService": 0.0,
      "totalClients": 216605,
      "totalClientsWithService": 216604,
      "totalClientsWithoutService": 1
    },
    {
      "name": "Ponce",
      "percentageClientsWithService": 100.0,
      "percentageClientsWithoutService": 0.0,
      "totalClients": 212508,
      "totalClientsWithService": 212507,
      "totalClientsWithoutService": 1
    },
    {
      "name": "San Juan",
      "percentageClientsWithService": 99.81,
      "percentageClientsWithoutService": 0.19,
      "totalClients": 253068,
      "totalClientsWithService": 252581,
      "totalClientsWithoutService": 487
    }
  ],
  "timestamp": "12/25/2023 04:55 PM",
  "totals": {
    "totalClients": 1468223,
    "totalClientsWithService": 1467614,
    "totalClientsWithoutService": 609,
    "totalPercentageWithService": 99.96,
    "totalPercentageWithoutService": 0.04
  }
}