{
  "regions": [
    {
      "name": "Arecibo",
      "percentageClientsWithService": 100.0,
      "percentageClientsWithoutService": 0.0,
      "totalClients": 177369,
      "totalClientsWithService": 177362,
      "totalClientsWithoutService": 7
    },
    {
      "name": "Bayamon",
      "percentageClientsWithService": 99.98,
      "percentageClientsWithoutService": 0.02,
      "totalClients": 216496,
      "totalClientsWithService": 216463,
      "totalClientsWithoutService": 33
    },
    {
      "name": "Carolina",
      "percentageClientsWithService": 100.0,
      "percentageClientsWithoutService": 0.0,
      "totalClients": 141663,
      "totalClientsWithService": 141660,
      "totalClientsWithoutService": 3
    },
    {
      "name": "Caguas",
      "percentageClientsWithService": 99.9,
      "percentageClientsWithoutService": 0.1,
      "totalClients": 250514,
      "totalClientsWithService": 250259,
      "totalClientsWithoutService": 255
    },
    {
      "name": "Mayaguez",
      "percentageClientsWithService": 100.0,
      "percentageClientsWithoutService": 0.0,
      "totalClients": 216605,
      "totalClientsWithService": 216604,
      "totalClientsWithoutService": 1
    },
    {
      "name": "Ponce",
      "percentageClientsWithService": 100.0,
      "percentageClientsWithoutService": 0.0,
      "totalClients": 212508,
      "totalClientsWithService": 212508,
      "totalClientsWithoutService": 0
    },
    {
      "name": "San Juan",
      "percentageClientsWithService": 99.96,
      "percentageClientsWithoutService": 0.04,
      "totalClients": 253068,
      "totalClientsWithService": 252959,
      "totalClientsWithoutService": 109
    }
  ],
  "timestamp": "12/25/2023 01:25 PM",
  "totals": {
    "totalClients": 1468223,
    "totalClientsWithService": 1467815,
    "totalClientsWithoutService": 408,
    "totalPercentageWithService": 99.97,
    "totalPercentageWithoutService": 0.03
  }
}