{
  "regions": [
    {
      "name": "Arecibo",
      "percentageClientsWithService": 100.0,
      "percentageClientsWithoutService": 0.0,
      "totalClients": 177369,
      "totalClientsWithService": 177368,
      "totalClientsWithoutService": 1
    },
    {
      "name": "Bayamon",
      "percentageClientsWithService": 100.0,
      "percentageClientsWithoutService": 0.0,
      "totalClients": 216496,
      "totalClientsWithService": 216494,
      "totalClientsWithoutService": 2
    },
    {
      "name": "Carolina",
      "percentageClientsWithService": 99.2,
      "percentageClientsWithoutService": 0.8,
      "totalClients": 141663,
      "totalClientsWithService": 140531,
      "totalClientsWithoutService": 1132
    },
    {
      "name": "Caguas",
      "percentageClientsWithService": 100.0,
      "percentageClientsWithoutService": 0.0,
      "totalClients": 250514,
      "totalClientsWithService": 250514,
      "totalClientsWithoutService": 0
    },
    {
      "name": "Mayaguez",
      "percentageClientsWithService": 100.0,
      "percentageClientsWithoutService": 0.0,
      "totalClients": 216605,
      "totalClientsWithService": 216605,
      "totalClientsWithoutService": 0
    },
    {
      "name": "Ponce",
      "percentageClientsWithService": 100.0,
      "percentageClientsWithoutService": 0.0,
      "totalClients": 212508,
      "totalClientsWithService": 212508,
      "totalClientsWithoutService": 0
    },
    {
      "name": "San Juan",
      "percentageClientsWithService": 99.99,
      "percentageClientsWithoutService": 0.01,
      "totalClients": 253068,
      "totalClientsWithService": 253052,
      "totalClientsWithoutService": 16
    }
  ],
  "timestamp": "12/25/2023 09:20 PM",
  "totals": {
    "totalClients": 1468223,
    "totalClientsWithService": 1467072,
    "totalClientsWithoutService": 1151,
    "totalPercentageWithService": 99.92,
    "totalPercentageWithoutService": 0.08
  }
}