{
  "regions": [
    {
      "name": "Arecibo",
      "percentageClientsWithService": 100.0,
      "percentageClientsWithoutService": 0.0,
      "totalClients": 177369,
      "totalClientsWithService": 177368,
      "totalClientsWithoutService": 1
    },
    {
      "name": "Bayamon",
      "percentageClientsWithService": 99.99,
      "percentageClientsWithoutService": 0.01,
      "totalClients": 216496,
      "totalClientsWithService": 216482,
      "totalClientsWithoutService": 14
    },
    {
      "name": "Carolina",
      "percentageClientsWithService": 100.0,
      "percentageClientsWithoutService": 0.0,
      "totalClients": 141663,
      "totalClientsWithService": 141661,
      "totalClientsWithoutService": 2
    },
    {
      "name": "Caguas",
      "percentageClientsWithService": 100.0,
      "percentageClientsWithoutService": 0.0,
      "totalClients": 250514,
      "totalClientsWithService": 250513,
      "totalClientsWithoutService": 1
    },
    {
      "name": "Mayaguez",
      "percentageClientsWithService": 100.0,
      "percentageClientsWithoutService": 0.0,
      "totalClients": 216605,
      "totalClientsWithService": 216604,
      "totalClientsWithoutService": 1
    },
    {
      "name": "Ponce",
      "percentageClientsWithService": 100.0,
      "percentageClientsWithoutService": 0.0,
      "totalClients": 212508,
      "totalClientsWithService": 212508,
      "totalClientsWithoutService": 0
    },
    {
      "name": "San Juan",
      "percentageClientsWithService": 100.0,
      "percentageClientsWithoutService": 0.0,
      "totalClients": 253068,
      "totalClientsWithService": 253067,
      "totalClientsWithoutService": 1
    }
  ],
  "timestamp": "12/25/2023 06:05 PM",
  "totals": {
    "totalClients": 1468223,
    "totalClientsWithService": 1468203,
    "totalClientsWithoutService": 20,
    "totalPercentageWithService": 100.0,
    "totalPercentageWithoutService": 0.0
  }
}