{
  "regions": [
    {
      "name": "Arecibo",
      "percentageClientsWithService": 99.36,
      "percentageClientsWithoutService": 0.64,
      "totalClients": 177369,
      "totalClientsWithService": 176228,
      "totalClientsWithoutService": 1141
    },
    {
      "name": "Bayamon",
      "percentageClientsWithService": 99.95,
      "percentageClientsWithoutService": 0.05,
      "totalClients": 216496,
      "totalClientsWithService": 216382,
      "totalClientsWithoutService": 114
    },
    {
      "name": "Carolina",
      "percentageClientsWithService": 100.0,
      "percentageClientsWithoutService": 0.0,
      "totalClients": 141663,
      "totalClientsWithService": 141661,
      "totalClientsWithoutService": 2
    },
    {
      "name": "Caguas",
      "percentageClientsWithService": 99.96,
      "percentageClientsWithoutService": 0.04,
      "totalClients": 250514,
      "totalClientsWithService": 250408,
      "totalClientsWithoutService": 106
    },
    {
      "name": "Mayaguez",
      "percentageClientsWithService": 99.99,
      "percentageClientsWithoutService": 0.01,
      "totalClients": 216605,
      "totalClientsWithService": 216592,
      "totalClientsWithoutService": 13
    },
    {
      "name": "Ponce",
      "percentageClientsWithService": 100.0,
      "percentageClientsWithoutService": 0.0,
      "totalClients": 212508,
      "totalClientsWithService": 212505,
      "totalClientsWithoutService": 3
    },
    {
      "name": "San Juan",
      "percentageClientsWithService": 100.0,
      "percentageClientsWithoutService": 0.0,
      "totalClients": 253068,
      "totalClientsWithService": 253067,
      "totalClientsWithoutService": 1
    }
  ],
  "timestamp": "12/25/2023 03:00 PM",
  "totals": {
    "totalClients": 1468223,
    "totalClientsWithService": 1466843,
    "totalClientsWithoutService": 1380,
    "totalPercentageWithService": 99.91,
    "totalPercentageWithoutService": 0.09
  }
}