{
  "regions": [
    {
      "name": "Arecibo",
      "percentageClientsWithService": 99.98,
      "percentageClientsWithoutService": 0.02,
      "totalClients": 177369,
      "totalClientsWithService": 177338,
      "totalClientsWithoutService": 31
    },
    {
      "name": "Bayamon",
      "percentageClientsWithService": 100.0,
      "percentageClientsWithoutService": 0.0,
      "totalClients": 216496,
      "totalClientsWithService": 216494,
      "totalClientsWithoutService": 2
    },
    {
      "name": "Carolina",
      "percentageClientsWithService": 100.0,
      "percentageClientsWithoutService": 0.0,
      "totalClients": 141663,
      "totalClientsWithService": 141663,
      "totalClientsWithoutService": 0
    },
    {
      "name": "Caguas",
      "percentageClientsWithService": 99.98,
      "percentageClientsWithoutService": 0.02,
      "totalClients": 250514,
      "totalClientsWithService": 250456,
      "totalClientsWithoutService": 58
    },
    {
      "name": "Mayaguez",
      "percentageClientsWithService": 100.0,
      "percentageClientsWithoutService": 0.0,
      "totalClients": 216605,
      "totalClientsWithService": 216605,
      "totalClientsWithoutService": 0
    },
    {
      "name": "Ponce",
      "percentageClientsWithService": 100.0,
      "percentageClientsWithoutService": 0.0,
      "totalClients": 212508,
      "totalClientsWithService": 212508,
      "totalClientsWithoutService": 0
    },
    {
      "name": "San Juan",
      "percentageClientsWithService": 100.0,
      "percentageClientsWithoutService": 0.0,
      "totalClients": 253068,
      "totalClientsWithService": 253066,
      "totalClientsWithoutService": 2
    }
  ],
  "timestamp": "12/25/2023 11:10 PM",
  "totals": {
    "totalClients": 1468223,
    "totalClientsWithService": 1468130,
    "totalClientsWithoutService": 93,
    "totalPercentageWithService": 99.99,
    "totalPercentageWithoutService": 0.01
  }
}