{
  "regions": [
    {
      "name": "Arecibo",
      "percentageClientsWithService": 99.95,
      "percentageClientsWithoutService": 0.05,
      "totalClients": 177369,
      "totalClientsWithService": 177280,
      "totalClientsWithoutService": 89
    },
    {
      "name": "Bayamon",
      "percentageClientsWithService": 99.99,
      "percentageClientsWithoutService": 0.01,
      "totalClients": 216496,
      "totalClientsWithService": 216478,
      "totalClientsWithoutService": 18
    },
    {
      "name": "Carolina",
      "percentageClientsWithService": 99.94,
      "percentageClientsWithoutService": 0.06,
      "totalClients": 141663,
      "totalClientsWithService": 141574,
      "totalClientsWithoutService": 89
    },
    {
      "name": "Caguas",
      "percentageClientsWithService": 99.91,
      "percentageClientsWithoutService": 0.09,
      "totalClients": 250514,
      "totalClientsWithService": 250293,
      "totalClientsWithoutService": 221
    },
    {
      "name": "Mayaguez",
      "percentageClientsWithService": 100.0,
      "percentageClientsWithoutService": 0.0,
      "totalClients": 216605,
      "totalClientsWithService": 216603,
      "totalClientsWithoutService": 2
    },
    {
      "name": "Ponce",
      "percentageClientsWithService": 99.74,
      "percentageClientsWithoutService": 0.26,
      "totalClients": 212508,
      "totalClientsWithService": 211945,
      "totalClientsWithoutService": 563
    },
    {
      "name": "San Juan",
      "percentageClientsWithService": 100.0,
      "percentageClientsWithoutService": 0.0,
      "totalClients": 253068,
      "totalClientsWithService": 253066,
      "totalClientsWithoutService": 2
    }
  ],
  "timestamp": "12/25/2023 12:10 AM",
  "totals": {
    "totalClients": 1468223,
    "totalClientsWithService": 1467239,
    "totalClientsWithoutService": 984,
    "totalPercentageWithService": 99.93,
    "totalPercentageWithoutService": 0.07
  }
}