{
  "regions": [
    {
      "name": "Arecibo",
      "percentageClientsWithService": 100.0,
      "percentageClientsWithoutService": 0.0,
      "totalClients": 177369,
      "totalClientsWithService": 177364,
      "totalClientsWithoutService": 5
    },
    {
      "name": "Bayamon",
      "percentageClientsWithService": 99.93,
      "percentageClientsWithoutService": 0.07,
      "totalClients": 216496,
      "totalClientsWithService": 216346,
      "totalClientsWithoutService": 150
    },
    {
      "name": "Carolina",
      "percentageClientsWithService": 100.0,
      "percentageClientsWithoutService": 0.0,
      "totalClients": 141663,
      "totalClientsWithService": 141661,
      "totalClientsWithoutService": 2
    },
    {
      "name": "Caguas",
      "percentageClientsWithService": 99.89,
      "percentageClientsWithoutService": 0.11,
      "totalClients": 250514,
      "totalClientsWithService": 250247,
      "totalClientsWithoutService": 267
    },
    {
      "name": "Mayaguez",
      "percentageClientsWithService": 100.0,
      "percentageClientsWithoutService": 0.0,
      "totalClients": 216605,
      "totalClientsWithService": 216603,
      "totalClientsWithoutService": 2
    },
    {
      "name": "Ponce",
      "percentageClientsWithService": 100.0,
      "percentageClientsWithoutService": 0.0,
      "totalClients": 212508,
      "totalClientsWithService": 212501,
      "totalClientsWithoutService": 7
    },
    {
      "name": "San Juan",
      "percentageClientsWithService": 99.99,
      "percentageClientsWithoutService": 0.01,
      "totalClients": 253068,
      "totalClientsWithService": 253042,
      "totalClientsWithoutService": 26
    }
  ],
  "timestamp": "12/25/2023 02:00 PM",
  "totals": {
    "totalClients": 1468223,
    "totalClientsWithService": 1467764,
    "totalClientsWithoutService": 459,
    "totalPercentageWithService": 99.97,
    "totalPercentageWithoutService": 0.03
  }
}