{
  "regions": [
    {
      "name": "Arecibo",
      "percentageClientsWithService": 99.98,
      "percentageClientsWithoutService": 0.02,
      "totalClients": 177369,
      "totalClientsWithService": 177333,
      "totalClientsWithoutService": 36
    },
    {
      "name": "Bayamon",
      "percentageClientsWithService": 99.95,
      "percentageClientsWithoutService": 0.05,
      "totalClients": 216496,
      "totalClientsWithService": 216383,
      "totalClientsWithoutService": 113
    },
    {
      "name": "Carolina",
      "percentageClientsWithService": 100.0,
      "percentageClientsWithoutService": 0.0,
      "totalClients": 141663,
      "totalClientsWithService": 141660,
      "totalClientsWithoutService": 3
    },
    {
      "name": "Caguas",
      "percentageClientsWithService": 99.99,
      "percentageClientsWithoutService": 0.01,
      "totalClients": 250514,
      "totalClientsWithService": 250491,
      "totalClientsWithoutService": 23
    },
    {
      "name": "Mayaguez",
      "percentageClientsWithService": 100.0,
      "percentageClientsWithoutService": 0.0,
      "totalClients": 216605,
      "totalClientsWithService": 216605,
      "totalClientsWithoutService": 0
    },
    {
      "name": "Ponce",
      "percentageClientsWithService": 100.0,
      "percentageClientsWithoutService": 0.0,
      "totalClients": 212508,
      "totalClientsWithService": 212504,
      "totalClientsWithoutService": 4
    },
    {
      "name": "San Juan",
      "percentageClientsWithService": 100.0,
      "percentageClientsWithoutService": 0.0,
      "totalClients": 253068,
      "totalClientsWithService": 253068,
      "totalClientsWithoutService": 0
    }
  ],
  "timestamp": "12/25/2023 03:40 PM",
  "totals": {
    "totalClients": 1468223,
    "totalClientsWithService": 1468044,
    "totalClientsWithoutService": 179,
    "totalPercentageWithService": 99.99,
    "totalPercentageWithoutService": 0.01
  }
}