{
  "regions": [
    {
      "name": "Arecibo",
      "percentageClientsWithService": 99.33,
      "percentageClientsWithoutService": 0.67,
      "totalClients": 177369,
      "totalClientsWithService": 176187,
      "totalClientsWithoutService": 1182
    },
    {
      "name": "Bayamon",
      "percentageClientsWithService": 99.94,
      "percentageClientsWithoutService": 0.06,
      "totalClients": 216496,
      "totalClientsWithService": 216357,
      "totalClientsWithoutService": 139
    },
    {
      "name": "Carolina",
      "percentageClientsWithService": 100.0,
      "percentageClientsWithoutService": 0.0,
      "totalClients": 141663,
      "totalClientsWithService": 141661,
      "totalClientsWithoutService": 2
    },
    {
      "name": "Caguas",
      "percentageClientsWithService": 99.9,
      "percentageClientsWithoutService": 0.1,
      "totalClients": 250514,
      "totalClientsWithService": 250262,
      "totalClientsWithoutService": 252
    },
    {
      "name": "Mayaguez",
      "percentageClientsWithService": 100.0,
      "percentageClientsWithoutService": 0.0,
      "totalClients": 216605,
      "totalClientsWithService": 216600,
      "totalClientsWithoutService": 5
    },
    {
      "name": "Ponce",
      "percentageClientsWithService": 100.0,
      "percentageClientsWithoutService": 0.0,
      "totalClients": 212508,
      "totalClientsWithService": 212506,
      "totalClientsWithoutService": 2
    },
    {
      "name": "San Juan",
      "percentageClientsWithService": 100.0,
      "percentageClientsWithoutService": 0.0,
      "totalClients": 253068,
      "totalClientsWithService": 253067,
      "totalClientsWithoutService": 1
    }
  ],
  "timestamp": "12/25/2023 02:45 PM",
  "totals": {
    "totalClients": 1468223,
    "totalClientsWithService": 1466640,
    "totalClientsWithoutService": 1583,
    "totalPercentageWithService": 99.89,
    "totalPercentageWithoutService": 0.11
  }
}