{
  "regions": [
    {
      "name": "Arecibo",
      "percentageClientsWithService": 99.95,
      "percentageClientsWithoutService": 0.05,
      "totalClients": 177369,
      "totalClientsWithService": 177278,
      "totalClientsWithoutService": 91
    },
    {
      "name": "Bayamon",
      "percentageClientsWithService": 99.99,
      "percentageClientsWithoutService": 0.01,
      "totalClients": 216496,
      "totalClientsWithService": 216468,
      "totalClientsWithoutService": 28
    },
    {
      "name": "Carolina",
      "percentageClientsWithService": 99.99,
      "percentageClientsWithoutService": 0.01,
      "totalClients": 141663,
      "totalClientsWithService": 141650,
      "totalClientsWithoutService": 13
    },
    {
      "name": "Caguas",
      "percentageClientsWithService": 99.67,
      "percentageClientsWithoutService": 0.33,
      "totalClients": 250514,
      "totalClientsWithService": 249678,
      "totalClientsWithoutService": 836
    },
    {
      "name": "Mayaguez",
      "percentageClientsWithService": 100.0,
      "percentageClientsWithoutService": 0.0,
      "totalClients": 216605,
      "totalClientsWithService": 216599,
      "totalClientsWithoutService": 6
    },
    {
      "name": "Ponce",
      "percentageClientsWithService": 99.99,
      "percentageClientsWithoutService": 0.01,
      "totalClients": 212508,
      "totalClientsWithService": 212484,
      "totalClientsWithoutService": 24
    },
    {
      "name": "San Juan",
      "percentageClientsWithService": 99.97,
      "percentageClientsWithoutService": 0.03,
      "totalClients": 253068,
      "totalClientsWithService": 252984,
      "totalClientsWithoutService": 84
    }
  ],
  "timestamp": "12/25/2023 08:55 AM",
  "totals": {
    "totalClients": 1468223,
    "totalClientsWithService": 1467141,
    "totalClientsWithoutService": 1082,
    "totalPercentageWithService": 99.93,
    "totalPercentageWithoutService": 0.07
  }
}