{
  "regions": [
    {
      "name": "Arecibo",
      "percentageClientsWithService": 99.99,
      "percentageClientsWithoutService": 0.01,
      "totalClients": 177369,
      "totalClientsWithService": 177353,
      "totalClientsWithoutService": 16
    },
    {
      "name": "Bayamon",
      "percentageClientsWithService": 99.94,
      "percentageClientsWithoutService": 0.06,
      "totalClients": 216496,
      "totalClientsWithService": 216363,
      "totalClientsWithoutService": 133
    },
    {
      "name": "Carolina",
      "percentageClientsWithService": 100.0,
      "percentageClientsWithoutService": 0.0,
      "totalClients": 141663,
      "totalClientsWithService": 141660,
      "totalClientsWithoutService": 3
    },
    {
      "name": "Caguas",
      "percentageClientsWithService": 99.67,
      "percentageClientsWithoutService": 0.33,
      "totalClients": 250514,
      "totalClientsWithService": 249694,
      "totalClientsWithoutService": 820
    },
    {
      "name": "Mayaguez",
      "percentageClientsWithService": 99.99,
      "percentageClientsWithoutService": 0.01,
      "totalClients": 216605,
      "totalClientsWithService": 216580,
      "totalClientsWithoutService": 25
    },
    {
      "name": "Ponce",
      "percentageClientsWithService": 100.0,
      "percentageClientsWithoutService": 0.0,
      "totalClients": 212508,
      "totalClientsWithService": 212508,
      "totalClientsWithoutService": 0
    },
    {
      "name": "San Juan",
      "percentageClientsWithService": 99.97,
      "percentageClientsWithoutService": 0.03,
      "totalClients": 253068,
      "totalClientsWithService": 252981,
      "totalClientsWithoutService": 87
    }
  ],
  "timestamp": "12/25/2023 11:30 AM",
  "totals": {
    "totalClients": 1468223,
    "totalClientsWithService": 1467139,
    "totalClientsWithoutService": 1084,
    "totalPercentageWithService": 99.93,
    "totalPercentageWithoutService": 0.07
  }
}