{
  "regions": [
    {
      "name": "Arecibo",
      "percentageClientsWithService": 99.98,
      "percentageClientsWithoutService": 0.02,
      "totalClients": 177369,
      "totalClientsWithService": 177337,
      "totalClientsWithoutService": 32
    },
    {
      "name": "Bayamon",
      "percentageClientsWithService": 100.0,
      "percentageClientsWithoutService": 0.0,
      "totalClients": 216496,
      "totalClientsWithService": 216494,
      "totalClientsWithoutService": 2
    },
    {
      "name": "Carolina",
      "percentageClientsWithService": 100.0,
      "percentageClientsWithoutService": 0.0,
      "totalClients": 141663,
      "totalClientsWithService": 141663,
      "totalClientsWithoutService": 0
    },
    {
      "name": "Caguas",
      "percentageClientsWithService": 99.98,
      "percentageClientsWithoutService": 0.02,
      "totalClients": 250514,
      "totalClientsWithService": 250454,
      "totalClientsWithoutService": 60
    },
    {
      "name": "Mayaguez",
      "percentageClientsWithService": 100.0,
      "percentageClientsWithoutService": 0.0,
      "totalClients": 216605,
      "totalClientsWithService": 216605,
      "totalClientsWithoutService": 0
    },
    {
      "name": "Ponce",
      "percentageClientsWithService": 100.0,
      "percentageClientsWithoutService": 0.0,
      "totalClients": 212508,
      "totalClientsWithService": 212508,
      "totalClientsWithoutService": 0
    },
    {
      "name": "San Juan",
      "percentageClientsWithService": 99.18,
      "percentageClientsWithoutService": 0.82,
      "totalClients": 253068,
      "totalClientsWithService": 251002,
      "totalClientsWithoutService": 2066
    }
  ],
  "timestamp": "12/25/2023 11:20 PM",
  "totals": {
    "totalClients": 1468223,
    "totalClientsWithService": 1466063,
    "totalClientsWithoutService": 2160,
    "totalPercentageWithService": 99.85,
    "totalPercentageWithoutService": 0.15
  }
}