{
  "regions": [
    {
      "name": "Arecibo",
      "percentageClientsWithService": 100.0,
      "percentageClientsWithoutService": 0.0,
      "totalClients": 177369,
      "totalClientsWithService": 177362,
      "totalClientsWithoutService": 7
    },
    {
      "name": "Bayamon",
      "percentageClientsWithService": 99.98,
      "percentageClientsWithoutService": 0.02,
      "totalClients": 216496,
      "totalClientsWithService": 216462,
      "totalClientsWithoutService": 34
    },
    {
      "name": "Carolina",
      "percentageClientsWithService": 100.0,
      "percentageClientsWithoutService": 0.0,
      "totalClients": 141663,
      "totalClientsWithService": 141661,
      "totalClientsWithoutService": 2
    },
    {
      "name": "Caguas",
      "percentageClientsWithService": 99.89,
      "percentageClientsWithoutService": 0.11,
      "totalClients": 250514,
      "totalClientsWithService": 250250,
      "totalClientsWithoutService": 264
    },
    {
      "name": "Mayaguez",
      "percentageClientsWithService": 100.0,
      "percentageClientsWithoutService": 0.0,
      "totalClients": 216605,
      "totalClientsWithService": 216604,
      "totalClientsWithoutService": 1
    },
    {
      "name": "Ponce",
      "percentageClientsWithService": 100.0,
      "percentageClientsWithoutService": 0.0,
      "totalClients": 212508,
      "totalClientsWithService": 212508,
      "totalClientsWithoutService": 0
    },
    {
      "name": "San Juan",
      "percentageClientsWithService": 99.99,
      "percentageClientsWithoutService": 0.01,
      "totalClients": 253068,
      "totalClientsWithService": 253043,
      "totalClientsWithoutService": 25
    }
  ],
  "timestamp": "12/25/2023 01:45 PM",
  "totals": {
    "totalClients": 1468223,
    "totalClientsWithService": 1467890,
    "totalClientsWithoutService": 333,
    "totalPercentageWithService": 99.98,
    "totalPercentageWithoutService": 0.02
  }
}