{
  "regions": [
    {
      "name": "Arecibo",
      "percentageClientsWithService": 100.0,
      "percentageClientsWithoutService": 0.0,
      "totalClients": 177369,
      "totalClientsWithService": 177368,
      "totalClientsWithoutService": 1
    },
    {
      "name": "Bayamon",
      "percentageClientsWithService": 100.0,
      "percentageClientsWithoutService": 0.0,
      "totalClients": 216496,
      "totalClientsWithService": 216496,
      "totalClientsWithoutService": 0
    },
    {
      "name": "Carolina",
      "percentageClientsWithService": 100.0,
      "percentageClientsWithoutService": 0.0,
      "totalClients": 141663,
      "totalClientsWithService": 141661,
      "totalClientsWithoutService": 2
    },
    {
      "name": "Caguas",
      "percentageClientsWithService": 100.0,
      "percentageClientsWithoutService": 0.0,
      "totalClients": 250514,
      "totalClientsWithService": 250513,
      "totalClientsWithoutService": 1
    },
    {
      "name": "Mayaguez",
      "percentageClientsWithService": 100.0,
      "percentageClientsWithoutService": 0.0,
      "totalClients": 216605,
      "totalClientsWithService": 216604,
      "totalClientsWithoutService": 1
    },
    {
      "name": "Ponce",
      "percentageClientsWithService": 100.0,
      "percentageClientsWithoutService": 0.0,
      "totalClients": 212508,
      "totalClientsWithService": 212500,
      "totalClientsWithoutService": 8
    },
    {
      "name": "San Juan",
      "percentageClientsWithService": 99.65,
      "percentageClientsWithoutService": 0.35,
      "totalClients": 253068,
      "totalClientsWithService": 252176,
      "totalClientsWithoutService": 892
    }
  ],
  "timestamp": "12/25/2023 06:00 PM",
  "totals": {
    "totalClients": 1468223,
    "totalClientsWithService": 1467318,
    "totalClientsWithoutService": 905,
    "totalPercentageWithService": 99.94,
    "totalPercentageWithoutService": 0.06
  }
}