{
  "regions": [
    {
      "name": "Arecibo",
      "percentageClientsWithService": 99.98,
      "percentageClientsWithoutService": 0.02,
      "totalClients": 177369,
      "totalClientsWithService": 177330,
      "totalClientsWithoutService": 39
    },
    {
      "name": "Bayamon",
      "percentageClientsWithService": 99.98,
      "percentageClientsWithoutService": 0.02,
      "totalClients": 216496,
      "totalClientsWithService": 216463,
      "totalClientsWithoutService": 33
    },
    {
      "name": "Carolina",
      "percentageClientsWithService": 99.99,
      "percentageClientsWithoutService": 0.01,
      "totalClients": 141663,
      "totalClientsWithService": 141642,
      "totalClientsWithoutService": 21
    },
    {
      "name": "Caguas",
      "percentageClientsWithService": 99.66,
      "percentageClientsWithoutService": 0.34,
      "totalClients": 250514,
      "totalClientsWithService": 249674,
      "totalClientsWithoutService": 840
    },
    {
      "name": "Mayaguez",
      "percentageClientsWithService": 99.95,
      "percentageClientsWithoutService": 0.05,
      "totalClients": 216605,
      "totalClientsWithService": 216503,
      "totalClientsWithoutService": 102
    },
    {
      "name": "Ponce",
      "percentageClientsWithService": 99.99,
      "percentageClientsWithoutService": 0.01,
      "totalClients": 212508,
      "totalClientsWithService": 212484,
      "totalClientsWithoutService": 24
    },
    {
      "name": "San Juan",
      "percentageClientsWithService": 99.97,
      "percentageClientsWithoutService": 0.03,
      "totalClients": 253068,
      "totalClientsWithService": 252982,
      "totalClientsWithoutService": 86
    }
  ],
  "timestamp": "12/25/2023 09:55 AM",
  "totals": {
    "totalClients": 1468223,
    "totalClientsWithService": 1467078,
    "totalClientsWithoutService": 1145,
    "totalPercentageWithService": 99.92,
    "totalPercentageWithoutService": 0.08
  }
}