{
  "regions": [
    {
      "name": "Arecibo",
      "percentageClientsWithService": 99.98,
      "percentageClientsWithoutService": 0.02,
      "totalClients": 177369,
      "totalClientsWithService": 177332,
      "totalClientsWithoutService": 37
    },
    {
      "name": "Bayamon",
      "percentageClientsWithService": 99.99,
      "percentageClientsWithoutService": 0.01,
      "totalClients": 216496,
      "totalClientsWithService": 216469,
      "totalClientsWithoutService": 27
    },
    {
      "name": "Carolina",
      "percentageClientsWithService": 99.99,
      "percentageClientsWithoutService": 0.01,
      "totalClients": 141663,
      "totalClientsWithService": 141643,
      "totalClientsWithoutService": 20
    },
    {
      "name": "Caguas",
      "percentageClientsWithService": 99.67,
      "percentageClientsWithoutService": 0.33,
      "totalClients": 250514,
      "totalClientsWithService": 249676,
      "totalClientsWithoutService": 838
    },
    {
      "name": "Mayaguez",
      "percentageClientsWithService": 99.99,
      "percentageClientsWithoutService": 0.01,
      "totalClients": 216605,
      "totalClientsWithService": 216581,
      "totalClientsWithoutService": 24
    },
    {
      "name": "Ponce",
      "percentageClientsWithService": 99.99,
      "percentageClientsWithoutService": 0.01,
      "totalClients": 212508,
      "totalClientsWithService": 212483,
      "totalClientsWithoutService": 25
    },
    {
      "name": "San Juan",
      "percentageClientsWithService": 99.97,
      "percentageClientsWithoutService": 0.03,
      "totalClients": 253068,
      "totalClientsWithService": 252982,
      "totalClientsWithoutService": 86
    }
  ],
  "timestamp": "12/25/2023 09:25 AM",
  "totals": {
    "totalClients": 1468223,
    "totalClientsWithService": 1467166,
    "totalClientsWithoutService": 1057,
    "totalPercentageWithService": 99.93,
    "totalPercentageWithoutService": 0.07
  }
}