{
  "regions": [
    {
      "name": "Arecibo",
      "percentageClientsWithService": 99.96,
      "percentageClientsWithoutService": 0.04,
      "totalClients": 177369,
      "totalClientsWithService": 177305,
      "totalClientsWithoutService": 64
    },
    {
      "name": "Bayamon",
      "percentageClientsWithService": 99.94,
      "percentageClientsWithoutService": 0.06,
      "totalClients": 216496,
      "totalClientsWithService": 216356,
      "totalClientsWithoutService": 140
    },
    {
      "name": "Carolina",
      "percentageClientsWithService": 100.0,
      "percentageClientsWithoutService": 0.0,
      "totalClients": 141663,
      "totalClientsWithService": 141661,
      "totalClientsWithoutService": 2
    },
    {
      "name": "Caguas",
      "percentageClientsWithService": 99.89,
      "percentageClientsWithoutService": 0.11,
      "totalClients": 250514,
      "totalClientsWithService": 250231,
      "totalClientsWithoutService": 283
    },
    {
      "name": "Mayaguez",
      "percentageClientsWithService": 100.0,
      "percentageClientsWithoutService": 0.0,
      "totalClients": 216605,
      "totalClientsWithService": 216600,
      "totalClientsWithoutService": 5
    },
    {
      "name": "Ponce",
      "percentageClientsWithService": 100.0,
      "percentageClientsWithoutService": 0.0,
      "totalClients": 212508,
      "totalClientsWithService": 212501,
      "totalClientsWithoutService": 7
    },
    {
      "name": "San Juan",
      "percentageClientsWithService": 99.99,
      "percentageClientsWithoutService": 0.01,
      "totalClients": 253068,
      "totalClientsWithService": 253043,
      "totalClientsWithoutService": 25
    }
  ],
  "timestamp": "12/25/2023 02:20 PM",
  "totals": {
    "totalClients": 1468223,
    "totalClientsWithService": 1467697,
    "totalClientsWithoutService": 526,
    "totalPercentageWithService": 99.96,
    "totalPercentageWithoutService": 0.04
  }
}