{
  "regions": [
    {
      "name": "Arecibo",
      "percentageClientsWithService": 99.95,
      "percentageClientsWithoutService": 0.05,
      "totalClients": 177369,
      "totalClientsWithService": 177280,
      "totalClientsWithoutService": 89
    },
    {
      "name": "Bayamon",
      "percentageClientsWithService": 99.99,
      "percentageClientsWithoutService": 0.01,
      "totalClients": 216496,
      "totalClientsWithService": 216469,
      "totalClientsWithoutService": 27
    },
    {
      "name": "Carolina",
      "percentageClientsWithService": 99.97,
      "percentageClientsWithoutService": 0.03,
      "totalClients": 141663,
      "totalClientsWithService": 141615,
      "totalClientsWithoutService": 48
    },
    {
      "name": "Caguas",
      "percentageClientsWithService": 99.73,
      "percentageClientsWithoutService": 0.27,
      "totalClients": 250514,
      "totalClientsWithService": 249841,
      "totalClientsWithoutService": 673
    },
    {
      "name": "Mayaguez",
      "percentageClientsWithService": 100.0,
      "percentageClientsWithoutService": 0.0,
      "totalClients": 216605,
      "totalClientsWithService": 216602,
      "totalClientsWithoutService": 3
    },
    {
      "name": "Ponce",
      "percentageClientsWithService": 100.0,
      "percentageClientsWithoutService": 0.0,
      "totalClients": 212508,
      "totalClientsWithService": 212505,
      "totalClientsWithoutService": 3
    },
    {
      "name": "San Juan",
      "percentageClientsWithService": 100.0,
      "percentageClientsWithoutService": 0.0,
      "totalClients": 253068,
      "totalClientsWithService": 253064,
      "totalClientsWithoutService": 4
    }
  ],
  "timestamp": "12/25/2023 06:15 AM",
  "totals": {
    "totalClients": 1468223,
    "totalClientsWithService": 1467376,
    "totalClientsWithoutService": 847,
    "totalPercentageWithService": 99.94,
    "totalPercentageWithoutService": 0.06
  }
}