{
  "regions": [
    {
      "name": "Arecibo",
      "percentageClientsWithService": 99.99,
      "percentageClientsWithoutService": 0.01,
      "totalClients": 177369,
      "totalClientsWithService": 177355,
      "totalClientsWithoutService": 14
    },
    {
      "name": "Bayamon",
      "percentageClientsWithService": 99.93,
      "percentageClientsWithoutService": 0.07,
      "totalClients": 216496,
      "totalClientsWithService": 216354,
      "totalClientsWithoutService": 142
    },
    {
      "name": "Carolina",
      "percentageClientsWithService": 100.0,
      "percentageClientsWithoutService": 0.0,
      "totalClients": 141663,
      "totalClientsWithService": 141660,
      "totalClientsWithoutService": 3
    },
    {
      "name": "Caguas",
      "percentageClientsWithService": 99.97,
      "percentageClientsWithoutService": 0.03,
      "totalClients": 250514,
      "totalClientsWithService": 250451,
      "totalClientsWithoutService": 63
    },
    {
      "name": "Mayaguez",
      "percentageClientsWithService": 99.99,
      "percentageClientsWithoutService": 0.01,
      "totalClients": 216605,
      "totalClientsWithService": 216579,
      "totalClientsWithoutService": 26
    },
    {
      "name": "Ponce",
      "percentageClientsWithService": 100.0,
      "percentageClientsWithoutService": 0.0,
      "totalClients": 212508,
      "totalClientsWithService": 212507,
      "totalClientsWithoutService": 1
    },
    {
      "name": "San Juan",
      "percentageClientsWithService": 99.97,
      "percentageClientsWithoutService": 0.03,
      "totalClients": 253068,
      "totalClientsWithService": 252982,
      "totalClientsWithoutService": 86
    }
  ],
  "timestamp": "12/25/2023 11:50 AM",
  "totals": {
    "totalClients": 1468223,
    "totalClientsWithService": 1467888,
    "totalClientsWithoutService": 335,
    "totalPercentageWithService": 99.98,
    "totalPercentageWithoutService": 0.02
  }
}