{
  "regions": [
    {
      "name": "Arecibo",
      "percentageClientsWithService": 100.0,
      "percentageClientsWithoutService": 0.0,
      "totalClients": 177369,
      "totalClientsWithService": 177368,
      "totalClientsWithoutService": 1
    },
    {
      "name": "Bayamon",
      "percentageClientsWithService": 100.0,
      "percentageClientsWithoutService": 0.0,
      "totalClients": 216496,
      "totalClientsWithService": 216494,
      "totalClientsWithoutService": 2
    },
    {
      "name": "Carolina",
      "percentageClientsWithService": 99.99,
      "percentageClientsWithoutService": 0.01,
      "totalClients": 141663,
      "totalClientsWithService": 141643,
      "totalClientsWithoutService": 20
    },
    {
      "name": "Caguas",
      "percentageClientsWithService": 99.99,
      "percentageClientsWithoutService": 0.01,
      "totalClients": 250514,
      "totalClientsWithService": 250492,
      "totalClientsWithoutService": 22
    },
    {
      "name": "Mayaguez",
      "percentageClientsWithService": 100.0,
      "percentageClientsWithoutService": 0.0,
      "totalClients": 216605,
      "totalClientsWithService": 216605,
      "totalClientsWithoutService": 0
    },
    {
      "name": "Ponce",
      "percentageClientsWithService": 99.96,
      "percentageClientsWithoutService": 0.04,
      "totalClients": 212508,
      "totalClientsWithService": 212431,
      "totalClientsWithoutService": 77
    },
    {
      "name": "San Juan",
      "percentageClientsWithService": 99.99,
      "percentageClientsWithoutService": 0.01,
      "totalClients": 253068,
      "totalClientsWithService": 253051,
      "totalClientsWithoutService": 17
    }
  ],
  "timestamp": "12/25/2023 09:55 PM",
  "totals": {
    "totalClients": 1468223,
    "totalClientsWithService": 1468084,
    "totalClientsWithoutService": 139,
    "totalPercentageWithService": 99.99,
    "totalPercentageWithoutService": 0.01
  }
}