{
  "regions": [
    {
      "name": "Arecibo",
      "percentageClientsWithService": 100.0,
      "percentageClientsWithoutService": 0.0,
      "totalClients": 177369,
      "totalClientsWithService": 177369,
      "totalClientsWithoutService": 0
    },
    {
      "name": "Bayamon",
      "percentageClientsWithService": 100.0,
      "percentageClientsWithoutService": 0.0,
      "totalClients": 216496,
      "totalClientsWithService": 216496,
      "totalClientsWithoutService": 0
    },
    {
      "name": "Carolina",
      "percentageClientsWithService": 100.0,
      "percentageClientsWithoutService": 0.0,
      "totalClients": 141663,
      "totalClientsWithService": 141661,
      "totalClientsWithoutService": 2
    },
    {
      "name": "Caguas",
      "percentageClientsWithService": 99.99,
      "percentageClientsWithoutService": 0.01,
      "totalClients": 250514,
      "totalClientsWithService": 250490,
      "totalClientsWithoutService": 24
    },
    {
      "name": "Mayaguez",
      "percentageClientsWithService": 100.0,
      "percentageClientsWithoutService": 0.0,
      "totalClients": 216605,
      "totalClientsWithService": 216604,
      "totalClientsWithoutService": 1
    },
    {
      "name": "Ponce",
      "percentageClientsWithService": 100.0,
      "percentageClientsWithoutService": 0.0,
      "totalClients": 212508,
      "totalClientsWithService": 212500,
      "totalClientsWithoutService": 8
    },
    {
      "name": "San Juan",
      "percentageClientsWithService": 99.65,
      "percentageClientsWithoutService": 0.35,
      "totalClients": 253068,
      "totalClientsWithService": 252179,
      "totalClientsWithoutService": 889
    }
  ],
  "timestamp": "12/25/2023 05:50 PM",
  "totals": {
    "totalClients": 1468223,
    "totalClientsWithService": 1467299,
    "totalClientsWithoutService": 924,
    "totalPercentageWithService": 99.94,
    "totalPercentageWithoutService": 0.06
  }
}