{
  "regions": [
    {
      "name": "Arecibo",
      "percentageClientsWithService": 99.95,
      "percentageClientsWithoutService": 0.05,
      "totalClients": 177369,
      "totalClientsWithService": 177280,
      "totalClientsWithoutService": 89
    },
    {
      "name": "Bayamon",
      "percentageClientsWithService": 99.99,
      "percentageClientsWithoutService": 0.01,
      "totalClients": 216496,
      "totalClientsWithService": 216479,
      "totalClientsWithoutService": 17
    },
    {
      "name": "Carolina",
      "percentageClientsWithService": 99.97,
      "percentageClientsWithoutService": 0.03,
      "totalClients": 141663,
      "totalClientsWithService": 141615,
      "totalClientsWithoutService": 48
    },
    {
      "name": "Caguas",
      "percentageClientsWithService": 99.91,
      "percentageClientsWithoutService": 0.09,
      "totalClients": 250514,
      "totalClientsWithService": 250291,
      "totalClientsWithoutService": 223
    },
    {
      "name": "Mayaguez",
      "percentageClientsWithService": 100.0,
      "percentageClientsWithoutService": 0.0,
      "totalClients": 216605,
      "totalClientsWithService": 216603,
      "totalClientsWithoutService": 2
    },
    {
      "name": "Ponce",
      "percentageClientsWithService": 99.8,
      "percentageClientsWithoutService": 0.2,
      "totalClients": 212508,
      "totalClientsWithService": 212079,
      "totalClientsWithoutService": 429
    },
    {
      "name": "San Juan",
      "percentageClientsWithService": 100.0,
      "percentageClientsWithoutService": 0.0,
      "totalClients": 253068,
      "totalClientsWithService": 253065,
      "totalClientsWithoutService": 3
    }
  ],
  "timestamp": "12/25/2023 02:50 AM",
  "totals": {
    "totalClients": 1468223,
    "totalClientsWithService": 1467412,
    "totalClientsWithoutService": 811,
    "totalPercentageWithService": 99.94,
    "totalPercentageWithoutService": 0.06
  }
}