{
  "regions": [
    {
      "name": "Arecibo",
      "percentageClientsWithService": 100.0,
      "percentageClientsWithoutService": 0.0,
      "totalClients": 177369,
      "totalClientsWithService": 177368,
      "totalClientsWithoutService": 1
    },
    {
      "name": "Bayamon",
      "percentageClientsWithService": 100.0,
      "percentageClientsWithoutService": 0.0,
      "totalClients": 216496,
      "totalClientsWithService": 216496,
      "totalClientsWithoutService": 0
    },
    {
      "name": "Carolina",
      "percentageClientsWithService": 100.0,
      "percentageClientsWithoutService": 0.0,
      "totalClients": 141663,
      "totalClientsWithService": 141663,
      "totalClientsWithoutService": 0
    },
    {
      "name": "Caguas",
      "percentageClientsWithService": 100.0,
      "percentageClientsWithoutService": 0.0,
      "totalClients": 250514,
      "totalClientsWithService": 250513,
      "totalClientsWithoutService": 1
    },
    {
      "name": "Mayaguez",
      "percentageClientsWithService": 99.97,
      "percentageClientsWithoutService": 0.03,
      "totalClients": 216605,
      "totalClientsWithService": 216550,
      "totalClientsWithoutService": 55
    },
    {
      "name": "Ponce",
      "percentageClientsWithService": 100.0,
      "percentageClientsWithoutService": 0.0,
      "totalClients": 212508,
      "totalClientsWithService": 212508,
      "totalClientsWithoutService": 0
    },
    {
      "name": "San Juan",
      "percentageClientsWithService": 99.9,
      "percentageClientsWithoutService": 0.1,
      "totalClients": 253068,
      "totalClientsWithService": 252809,
      "totalClientsWithoutService": 259
    }
  ],
  "timestamp": "12/25/2023 07:35 PM",
  "totals": {
    "totalClients": 1468223,
    "totalClientsWithService": 1467907,
    "totalClientsWithoutService": 316,
    "totalPercentageWithService": 99.98,
    "totalPercentageWithoutService": 0.02
  }
}