{
  "regions": [
    {
      "name": "Arecibo",
      "percentageClientsWithService": 99.95,
      "percentageClientsWithoutService": 0.05,
      "totalClients": 177369,
      "totalClientsWithService": 177278,
      "totalClientsWithoutService": 91
    },
    {
      "name": "Bayamon",
      "percentageClientsWithService": 99.99,
      "percentageClientsWithoutService": 0.01,
      "totalClients": 216496,
      "totalClientsWithService": 216469,
      "totalClientsWithoutService": 27
    },
    {
      "name": "Carolina",
      "percentageClientsWithService": 99.99,
      "percentageClientsWithoutService": 0.01,
      "totalClients": 141663,
      "totalClientsWithService": 141647,
      "totalClientsWithoutService": 16
    },
    {
      "name": "Caguas",
      "percentageClientsWithService": 99.67,
      "percentageClientsWithoutService": 0.33,
      "totalClients": 250514,
      "totalClientsWithService": 249677,
      "totalClientsWithoutService": 837
    },
    {
      "name": "Mayaguez",
      "percentageClientsWithService": 99.99,
      "percentageClientsWithoutService": 0.01,
      "totalClients": 216605,
      "totalClientsWithService": 216581,
      "totalClientsWithoutService": 24
    },
    {
      "name": "Ponce",
      "percentageClientsWithService": 99.99,
      "percentageClientsWithoutService": 0.01,
      "totalClients": 212508,
      "totalClientsWithService": 212484,
      "totalClientsWithoutService": 24
    },
    {
      "name": "San Juan",
      "percentageClientsWithService": 99.97,
      "percentageClientsWithoutService": 0.03,
      "totalClients": 253068,
      "totalClientsWithService": 252983,
      "totalClientsWithoutService": 85
    }
  ],
  "timestamp": "12/25/2023 09:05 AM",
  "totals": {
    "totalClients": 1468223,
    "totalClientsWithService": 1467119,
    "totalClientsWithoutService": 1104,
    "totalPercentageWithService": 99.92,
    "totalPercentageWithoutService": 0.08
  }
}