{
  "regions": [
    {
      "name": "Arecibo",
      "percentageClientsWithService": 100.0,
      "percentageClientsWithoutService": 0.0,
      "totalClients": 177369,
      "totalClientsWithService": 177363,
      "totalClientsWithoutService": 6
    },
    {
      "name": "Bayamon",
      "percentageClientsWithService": 99.93,
      "percentageClientsWithoutService": 0.07,
      "totalClients": 216496,
      "totalClientsWithService": 216347,
      "totalClientsWithoutService": 149
    },
    {
      "name": "Carolina",
      "percentageClientsWithService": 100.0,
      "percentageClientsWithoutService": 0.0,
      "totalClients": 141663,
      "totalClientsWithService": 141661,
      "totalClientsWithoutService": 2
    },
    {
      "name": "Caguas",
      "percentageClientsWithService": 99.89,
      "percentageClientsWithoutService": 0.11,
      "totalClients": 250514,
      "totalClientsWithService": 250230,
      "totalClientsWithoutService": 284
    },
    {
      "name": "Mayaguez",
      "percentageClientsWithService": 100.0,
      "percentageClientsWithoutService": 0.0,
      "totalClients": 216605,
      "totalClientsWithService": 216602,
      "totalClientsWithoutService": 3
    },
    {
      "name": "Ponce",
      "percentageClientsWithService": 100.0,
      "percentageClientsWithoutService": 0.0,
      "totalClients": 212508,
      "totalClientsWithService": 212502,
      "totalClientsWithoutService": 6
    },
    {
      "name": "San Juan",
      "percentageClientsWithService": 99.99,
      "percentageClientsWithoutService": 0.01,
      "totalClients": 253068,
      "totalClientsWithService": 253042,
      "totalClientsWithoutService": 26
    }
  ],
  "timestamp": "12/25/2023 02:10 PM",
  "totals": {
    "totalClients": 1468223,
    "totalClientsWithService": 1467747,
    "totalClientsWithoutService": 476,
    "totalPercentageWithService": 99.97,
    "totalPercentageWithoutService": 0.03
  }
}