{
  "regions": [
    {
      "name": "Arecibo",
      "percentageClientsWithService": 100.0,
      "percentageClientsWithoutService": 0.0,
      "totalClients": 177369,
      "totalClientsWithService": 177369,
      "totalClientsWithoutService": 0
    },
    {
      "name": "Bayamon",
      "percentageClientsWithService": 99.88,
      "percentageClientsWithoutService": 0.12,
      "totalClients": 216496,
      "totalClientsWithService": 216247,
      "totalClientsWithoutService": 249
    },
    {
      "name": "Carolina",
      "percentageClientsWithService": 100.0,
      "percentageClientsWithoutService": 0.0,
      "totalClients": 141663,
      "totalClientsWithService": 141659,
      "totalClientsWithoutService": 4
    },
    {
      "name": "Caguas",
      "percentageClientsWithService": 100.0,
      "percentageClientsWithoutService": 0.0,
      "totalClients": 250514,
      "totalClientsWithService": 250514,
      "totalClientsWithoutService": 0
    },
    {
      "name": "Mayaguez",
      "percentageClientsWithService": 100.0,
      "percentageClientsWithoutService": 0.0,
      "totalClients": 216605,
      "totalClientsWithService": 216604,
      "totalClientsWithoutService": 1
    },
    {
      "name": "Ponce",
      "percentageClientsWithService": 100.0,
      "percentageClientsWithoutService": 0.0,
      "totalClients": 212508,
      "totalClientsWithService": 212507,
      "totalClientsWithoutService": 1
    },
    {
      "name": "San Juan",
      "percentageClientsWithService": 99.9,
      "percentageClientsWithoutService": 0.1,
      "totalClients": 253068,
      "totalClientsWithService": 252823,
      "totalClientsWithoutService": 245
    }
  ],
  "timestamp": "12/25/2023 08:05 PM",
  "totals": {
    "totalClients": 1468223,
    "totalClientsWithService": 1467723,
    "totalClientsWithoutService": 500,
    "totalPercentageWithService": 99.97,
    "totalPercentageWithoutService": 0.03
  }
}