{
  "regions": [
    {
      "name": "Arecibo",
      "percentageClientsWithService": 100.0,
      "percentageClientsWithoutService": 0.0,
      "totalClients": 177369,
      "totalClientsWithService": 177365,
      "totalClientsWithoutService": 4
    },
    {
      "name": "Bayamon",
      "percentageClientsWithService": 99.99,
      "percentageClientsWithoutService": 0.01,
      "totalClients": 216496,
      "totalClientsWithService": 216472,
      "totalClientsWithoutService": 24
    },
    {
      "name": "Carolina",
      "percentageClientsWithService": 99.99,
      "percentageClientsWithoutService": 0.01,
      "totalClients": 141663,
      "totalClientsWithService": 141645,
      "totalClientsWithoutService": 18
    },
    {
      "name": "Caguas",
      "percentageClientsWithService": 99.9,
      "percentageClientsWithoutService": 0.1,
      "totalClients": 250514,
      "totalClientsWithService": 250253,
      "totalClientsWithoutService": 261
    },
    {
      "name": "Mayaguez",
      "percentageClientsWithService": 99.99,
      "percentageClientsWithoutService": 0.01,
      "totalClients": 216605,
      "totalClientsWithService": 216592,
      "totalClientsWithoutService": 13
    },
    {
      "name": "Ponce",
      "percentageClientsWithService": 100.0,
      "percentageClientsWithoutService": 0.0,
      "totalClients": 212508,
      "totalClientsWithService": 212507,
      "totalClientsWithoutService": 1
    },
    {
      "name": "San Juan",
      "percentageClientsWithService": 99.97,
      "percentageClientsWithoutService": 0.03,
      "totalClients": 253068,
      "totalClientsWithService": 252981,
      "totalClientsWithoutService": 87
    }
  ],
  "timestamp": "12/25/2023 01:00 PM",
  "totals": {
    "totalClients": 1468223,
    "totalClientsWithService": 1467815,
    "totalClientsWithoutService": 408,
    "totalPercentageWithService": 99.97,
    "totalPercentageWithoutService": 0.03
  }
}