{
  "regions": [
    {
      "name": "Arecibo",
      "percentageClientsWithService": 99.32,
      "percentageClientsWithoutService": 0.68,
      "totalClients": 177369,
      "totalClientsWithService": 176171,
      "totalClientsWithoutService": 1198
    },
    {
      "name": "Bayamon",
      "percentageClientsWithService": 99.95,
      "percentageClientsWithoutService": 0.05,
      "totalClients": 216496,
      "totalClientsWithService": 216381,
      "totalClientsWithoutService": 115
    },
    {
      "name": "Carolina",
      "percentageClientsWithService": 100.0,
      "percentageClientsWithoutService": 0.0,
      "totalClients": 141663,
      "totalClientsWithService": 141661,
      "totalClientsWithoutService": 2
    },
    {
      "name": "Caguas",
      "percentageClientsWithService": 99.95,
      "percentageClientsWithoutService": 0.05,
      "totalClients": 250514,
      "totalClientsWithService": 250379,
      "totalClientsWithoutService": 135
    },
    {
      "name": "Mayaguez",
      "percentageClientsWithService": 100.0,
      "percentageClientsWithoutService": 0.0,
      "totalClients": 216605,
      "totalClientsWithService": 216600,
      "totalClientsWithoutService": 5
    },
    {
      "name": "Ponce",
      "percentageClientsWithService": 100.0,
      "percentageClientsWithoutService": 0.0,
      "totalClients": 212508,
      "totalClientsWithService": 212505,
      "totalClientsWithoutService": 3
    },
    {
      "name": "San Juan",
      "percentageClientsWithService": 100.0,
      "percentageClientsWithoutService": 0.0,
      "totalClients": 253068,
      "totalClientsWithService": 253067,
      "totalClientsWithoutService": 1
    }
  ],
  "timestamp": "12/25/2023 02:50 PM",
  "totals": {
    "totalClients": 1468223,
    "totalClientsWithService": 1466764,
    "totalClientsWithoutService": 1459,
    "totalPercentageWithService": 99.9,
    "totalPercentageWithoutService": 0.1
  }
}