{
  "regions": [
    {
      "name": "Arecibo",
      "percentageClientsWithService": 99.99,
      "percentageClientsWithoutService": 0.01,
      "totalClients": 177369,
      "totalClientsWithService": 177354,
      "totalClientsWithoutService": 15
    },
    {
      "name": "Bayamon",
      "percentageClientsWithService": 99.98,
      "percentageClientsWithoutService": 0.02,
      "totalClients": 216496,
      "totalClientsWithService": 216459,
      "totalClientsWithoutService": 37
    },
    {
      "name": "Carolina",
      "percentageClientsWithService": 100.0,
      "percentageClientsWithoutService": 0.0,
      "totalClients": 141663,
      "totalClientsWithService": 141661,
      "totalClientsWithoutService": 2
    },
    {
      "name": "Caguas",
      "percentageClientsWithService": 99.67,
      "percentageClientsWithoutService": 0.33,
      "totalClients": 250514,
      "totalClientsWithService": 249696,
      "totalClientsWithoutService": 818
    },
    {
      "name": "Mayaguez",
      "percentageClientsWithService": 99.99,
      "percentageClientsWithoutService": 0.01,
      "totalClients": 216605,
      "totalClientsWithService": 216581,
      "totalClientsWithoutService": 24
    },
    {
      "name": "Ponce",
      "percentageClientsWithService": 98.97,
      "percentageClientsWithoutService": 1.03,
      "totalClients": 212508,
      "totalClientsWithService": 210329,
      "totalClientsWithoutService": 2179
    },
    {
      "name": "San Juan",
      "percentageClientsWithService": 99.97,
      "percentageClientsWithoutService": 0.03,
      "totalClients": 253068,
      "totalClientsWithService": 252981,
      "totalClientsWithoutService": 87
    }
  ],
  "timestamp": "12/25/2023 10:55 AM",
  "totals": {
    "totalClients": 1468223,
    "totalClientsWithService": 1465061,
    "totalClientsWithoutService": 3162,
    "totalPercentageWithService": 99.78,
    "totalPercentageWithoutService": 0.22
  }
}