{
  "regions": [
    {
      "name": "Arecibo",
      "percentageClientsWithService": 99.36,
      "percentageClientsWithoutService": 0.64,
      "totalClients": 177369,
      "totalClientsWithService": 176227,
      "totalClientsWithoutService": 1142
    },
    {
      "name": "Bayamon",
      "percentageClientsWithService": 99.95,
      "percentageClientsWithoutService": 0.05,
      "totalClients": 216496,
      "totalClientsWithService": 216384,
      "totalClientsWithoutService": 112
    },
    {
      "name": "Carolina",
      "percentageClientsWithService": 100.0,
      "percentageClientsWithoutService": 0.0,
      "totalClients": 141663,
      "totalClientsWithService": 141661,
      "totalClientsWithoutService": 2
    },
    {
      "name": "Caguas",
      "percentageClientsWithService": 99.96,
      "percentageClientsWithoutService": 0.04,
      "totalClients": 250514,
      "totalClientsWithService": 250410,
      "totalClientsWithoutService": 104
    },
    {
      "name": "Mayaguez",
      "percentageClientsWithService": 99.99,
      "percentageClientsWithoutService": 0.01,
      "totalClients": 216605,
      "totalClientsWithService": 216594,
      "totalClientsWithoutService": 11
    },
    {
      "name": "Ponce",
      "percentageClientsWithService": 100.0,
      "percentageClientsWithoutService": 0.0,
      "totalClients": 212508,
      "totalClientsWithService": 212504,
      "totalClientsWithoutService": 4
    },
    {
      "name": "San Juan",
      "percentageClientsWithService": 100.0,
      "percentageClientsWithoutService": 0.0,
      "totalClients": 253068,
      "totalClientsWithService": 253067,
      "totalClientsWithoutService": 1
    }
  ],
  "timestamp": "12/25/2023 03:05 PM",
  "totals": {
    "totalClients": 1468223,
    "totalClientsWithService": 1466847,
    "totalClientsWithoutService": 1376,
    "totalPercentageWithService": 99.91,
    "totalPercentageWithoutService": 0.09
  }
}