{
  "regions": [
    {
      "name": "Arecibo",
      "percentageClientsWithService": 100.0,
      "percentageClientsWithoutService": 0.0,
      "totalClients": 177369,
      "totalClientsWithService": 177366,
      "totalClientsWithoutService": 3
    },
    {
      "name": "Bayamon",
      "percentageClientsWithService": 100.0,
      "percentageClientsWithoutService": 0.0,
      "totalClients": 216496,
      "totalClientsWithService": 216493,
      "totalClientsWithoutService": 3
    },
    {
      "name": "Carolina",
      "percentageClientsWithService": 99.21,
      "percentageClientsWithoutService": 0.79,
      "totalClients": 141663,
      "totalClientsWithService": 140550,
      "totalClientsWithoutService": 1113
    },
    {
      "name": "Caguas",
      "percentageClientsWithService": 100.0,
      "percentageClientsWithoutService": 0.0,
      "totalClients": 250514,
      "totalClientsWithService": 250514,
      "totalClientsWithoutService": 0
    },
    {
      "name": "Mayaguez",
      "percentageClientsWithService": 100.0,
      "percentageClientsWithoutService": 0.0,
      "totalClients": 216605,
      "totalClientsWithService": 216604,
      "totalClientsWithoutService": 1
    },
    {
      "name": "Ponce",
      "percentageClientsWithService": 100.0,
      "percentageClientsWithoutService": 0.0,
      "totalClients": 212508,
      "totalClientsWithService": 212507,
      "totalClientsWithoutService": 1
    },
    {
      "name": "San Juan",
      "percentageClientsWithService": 99.9,
      "percentageClientsWithoutService": 0.1,
      "totalClients": 253068,
      "totalClientsWithService": 252824,
      "totalClientsWithoutService": 244
    }
  ],
  "timestamp": "12/25/2023 08:55 PM",
  "totals": {
    "totalClients": 1468223,
    "totalClientsWithService": 1466858,
    "totalClientsWithoutService": 1365,
    "totalPercentageWithService": 99.91,
    "totalPercentageWithoutService": 0.09
  }
}