{
  "regions": [
    {
      "name": "Arecibo",
      "percentageClientsWithService": 99.84,
      "percentageClientsWithoutService": 0.16,
      "totalClients": 177369,
      "totalClientsWithService": 177080,
      "totalClientsWithoutService": 289
    },
    {
      "name": "Bayamon",
      "percentageClientsWithService": 99.99,
      "percentageClientsWithoutService": 0.01,
      "totalClients": 216496,
      "totalClientsWithService": 216470,
      "totalClientsWithoutService": 26
    },
    {
      "name": "Carolina",
      "percentageClientsWithService": 99.97,
      "percentageClientsWithoutService": 0.03,
      "totalClients": 141663,
      "totalClientsWithService": 141615,
      "totalClientsWithoutService": 48
    },
    {
      "name": "Caguas",
      "percentageClientsWithService": 99.73,
      "percentageClientsWithoutService": 0.27,
      "totalClients": 250514,
      "totalClientsWithService": 249839,
      "totalClientsWithoutService": 675
    },
    {
      "name": "Mayaguez",
      "percentageClientsWithService": 100.0,
      "percentageClientsWithoutService": 0.0,
      "totalClients": 216605,
      "totalClientsWithService": 216602,
      "totalClientsWithoutService": 3
    },
    {
      "name": "Ponce",
      "percentageClientsWithService": 99.99,
      "percentageClientsWithoutService": 0.01,
      "totalClients": 212508,
      "totalClientsWithService": 212495,
      "totalClientsWithoutService": 13
    },
    {
      "name": "San Juan",
      "percentageClientsWithService": 100.0,
      "percentageClientsWithoutService": 0.0,
      "totalClients": 253068,
      "totalClientsWithService": 253065,
      "totalClientsWithoutService": 3
    }
  ],
  "timestamp": "12/25/2023 07:00 AM",
  "totals": {
    "totalClients": 1468223,
    "totalClientsWithService": 1467166,
    "totalClientsWithoutService": 1057,
    "totalPercentageWithService": 99.93,
    "totalPercentageWithoutService": 0.07
  }
}