{
  "regions": [
    {
      "name": "Arecibo",
      "percentageClientsWithService": 99.84,
      "percentageClientsWithoutService": 0.16,
      "totalClients": 177369,
      "totalClientsWithService": 177081,
      "totalClientsWithoutService": 288
    },
    {
      "name": "Bayamon",
      "percentageClientsWithService": 99.99,
      "percentageClientsWithoutService": 0.01,
      "totalClients": 216496,
      "totalClientsWithService": 216482,
      "totalClientsWithoutService": 14
    },
    {
      "name": "Carolina",
      "percentageClientsWithService": 99.74,
      "percentageClientsWithoutService": 0.26,
      "totalClients": 141663,
      "totalClientsWithService": 141292,
      "totalClientsWithoutService": 371
    },
    {
      "name": "Caguas",
      "percentageClientsWithService": 99.67,
      "percentageClientsWithoutService": 0.33,
      "totalClients": 250514,
      "totalClientsWithService": 249694,
      "totalClientsWithoutService": 820
    },
    {
      "name": "Mayaguez",
      "percentageClientsWithService": 100.0,
      "percentageClientsWithoutService": 0.0,
      "totalClients": 216605,
      "totalClientsWithService": 216601,
      "totalClientsWithoutService": 4
    },
    {
      "name": "Ponce",
      "percentageClientsWithService": 99.99,
      "percentageClientsWithoutService": 0.01,
      "totalClients": 212508,
      "totalClientsWithService": 212487,
      "totalClientsWithoutService": 21
    },
    {
      "name": "San Juan",
      "percentageClientsWithService": 99.99,
      "percentageClientsWithoutService": 0.01,
      "totalClients": 253068,
      "totalClientsWithService": 253049,
      "totalClientsWithoutService": 19
    }
  ],
  "timestamp": "12/25/2023 08:20 AM",
  "totals": {
    "totalClients": 1468223,
    "totalClientsWithService": 1466686,
    "totalClientsWithoutService": 1537,
    "totalPercentageWithService": 99.9,
    "totalPercentageWithoutService": 0.1
  }
}