{
  "regions": [
    {
      "name": "Arecibo",
      "percentageClientsWithService": 100.0,
      "percentageClientsWithoutService": 0.0,
      "totalClients": 177369,
      "totalClientsWithService": 177368,
      "totalClientsWithoutService": 1
    },
    {
      "name": "Bayamon",
      "percentageClientsWithService": 99.99,
      "percentageClientsWithoutService": 0.01,
      "totalClients": 216496,
      "totalClientsWithService": 216483,
      "totalClientsWithoutService": 13
    },
    {
      "name": "Carolina",
      "percentageClientsWithService": 100.0,
      "percentageClientsWithoutService": 0.0,
      "totalClients": 141663,
      "totalClientsWithService": 141663,
      "totalClientsWithoutService": 0
    },
    {
      "name": "Caguas",
      "percentageClientsWithService": 100.0,
      "percentageClientsWithoutService": 0.0,
      "totalClients": 250514,
      "totalClientsWithService": 250513,
      "totalClientsWithoutService": 1
    },
    {
      "name": "Mayaguez",
      "percentageClientsWithService": 99.98,
      "percentageClientsWithoutService": 0.02,
      "totalClients": 216605,
      "totalClientsWithService": 216551,
      "totalClientsWithoutService": 54
    },
    {
      "name": "Ponce",
      "percentageClientsWithService": 100.0,
      "percentageClientsWithoutService": 0.0,
      "totalClients": 212508,
      "totalClientsWithService": 212507,
      "totalClientsWithoutService": 1
    },
    {
      "name": "San Juan",
      "percentageClientsWithService": 99.91,
      "percentageClientsWithoutService": 0.09,
      "totalClients": 253068,
      "totalClientsWithService": 252838,
      "totalClientsWithoutService": 230
    }
  ],
  "timestamp": "12/25/2023 06:20 PM",
  "totals": {
    "totalClients": 1468223,
    "totalClientsWithService": 1467923,
    "totalClientsWithoutService": 300,
    "totalPercentageWithService": 99.98,
    "totalPercentageWithoutService": 0.02
  }
}