{
  "regions": [
    {
      "name": "Arecibo",
      "percentageClientsWithService": 99.97,
      "percentageClientsWithoutService": 0.03,
      "totalClients": 177369,
      "totalClientsWithService": 177324,
      "totalClientsWithoutService": 45
    },
    {
      "name": "Bayamon",
      "percentageClientsWithService": 99.92,
      "percentageClientsWithoutService": 0.08,
      "totalClients": 216496,
      "totalClientsWithService": 216323,
      "totalClientsWithoutService": 173
    },
    {
      "name": "Carolina",
      "percentageClientsWithService": 99.96,
      "percentageClientsWithoutService": 0.04,
      "totalClients": 141663,
      "totalClientsWithService": 141608,
      "totalClientsWithoutService": 55
    },
    {
      "name": "Caguas",
      "percentageClientsWithService": 99.96,
      "percentageClientsWithoutService": 0.04,
      "totalClients": 250514,
      "totalClientsWithService": 250416,
      "totalClientsWithoutService": 98
    },
    {
      "name": "Mayaguez",
      "percentageClientsWithService": 99.79,
      "percentageClientsWithoutService": 0.21,
      "totalClients": 216605,
      "totalClientsWithService": 216151,
      "totalClientsWithoutService": 454
    },
    {
      "name": "Ponce",
      "percentageClientsWithService": 100.0,
      "percentageClientsWithoutService": 0.0,
      "totalClients": 212508,
      "totalClientsWithService": 212505,
      "totalClientsWithoutService": 3
    },
    {
      "name": "San Juan",
      "percentageClientsWithService": 99.81,
      "percentageClientsWithoutService": 0.19,
      "totalClients": 253068,
      "totalClientsWithService": 252597,
      "totalClientsWithoutService": 471
    }
  ],
  "timestamp": "01/20/2024 06:45 PM",
  "totals": {
    "totalClients": 1468223,
    "totalClientsWithService": 1466924,
    "totalClientsWithoutService": 1299,
    "totalPercentageWithService": 99.91,
    "totalPercentageWithoutService": 0.09
  }
}