{
  "regions": [
    {
      "name": "Arecibo",
      "percentageClientsWithService": 99.95,
      "percentageClientsWithoutService": 0.05,
      "totalClients": 177369,
      "totalClientsWithService": 177282,
      "totalClientsWithoutService": 87
    },
    {
      "name": "Bayamon",
      "percentageClientsWithService": 99.97,
      "percentageClientsWithoutService": 0.03,
      "totalClients": 216496,
      "totalClientsWithService": 216436,
      "totalClientsWithoutService": 60
    },
    {
      "name": "Carolina",
      "percentageClientsWithService": 99.96,
      "percentageClientsWithoutService": 0.04,
      "totalClients": 141663,
      "totalClientsWithService": 141608,
      "totalClientsWithoutService": 55
    },
    {
      "name": "Caguas",
      "percentageClientsWithService": 99.95,
      "percentageClientsWithoutService": 0.05,
      "totalClients": 250514,
      "totalClientsWithService": 250396,
      "totalClientsWithoutService": 118
    },
    {
      "name": "Mayaguez",
      "percentageClientsWithService": 99.95,
      "percentageClientsWithoutService": 0.05,
      "totalClients": 216605,
      "totalClientsWithService": 216497,
      "totalClientsWithoutService": 108
    },
    {
      "name": "Ponce",
      "percentageClientsWithService": 100.0,
      "percentageClientsWithoutService": 0.0,
      "totalClients": 212508,
      "totalClientsWithService": 212508,
      "totalClientsWithoutService": 0
    },
    {
      "name": "San Juan",
      "percentageClientsWithService": 99.81,
      "percentageClientsWithoutService": 0.19,
      "totalClients": 253068,
      "totalClientsWithService": 252598,
      "totalClientsWithoutService": 470
    }
  ],
  "timestamp": "01/20/2024 05:50 PM",
  "totals": {
    "totalClients": 1468223,
    "totalClientsWithService": 1467325,
    "totalClientsWithoutService": 898,
    "totalPercentageWithService": 99.94,
    "totalPercentageWithoutService": 0.06
  }
}