{
  "regions": [
    {
      "name": "Arecibo",
      "percentageClientsWithService": 99.98,
      "percentageClientsWithoutService": 0.02,
      "totalClients": 177369,
      "totalClientsWithService": 177332,
      "totalClientsWithoutService": 37
    },
    {
      "name": "Bayamon",
      "percentageClientsWithService": 99.96,
      "percentageClientsWithoutService": 0.04,
      "totalClients": 216496,
      "totalClientsWithService": 216411,
      "totalClientsWithoutService": 85
    },
    {
      "name": "Carolina",
      "percentageClientsWithService": 99.94,
      "percentageClientsWithoutService": 0.06,
      "totalClients": 141663,
      "totalClientsWithService": 141577,
      "totalClientsWithoutService": 86
    },
    {
      "name": "Caguas",
      "percentageClientsWithService": 99.96,
      "percentageClientsWithoutService": 0.04,
      "totalClients": 250514,
      "totalClientsWithService": 250422,
      "totalClientsWithoutService": 92
    },
    {
      "name": "Mayaguez",
      "percentageClientsWithService": 99.95,
      "percentageClientsWithoutService": 0.05,
      "totalClients": 216605,
      "totalClientsWithService": 216487,
      "totalClientsWithoutService": 118
    },
    {
      "name": "Ponce",
      "percentageClientsWithService": 100.0,
      "percentageClientsWithoutService": 0.0,
      "totalClients": 212508,
      "totalClientsWithService": 212507,
      "totalClientsWithoutService": 1
    },
    {
      "name": "San Juan",
      "percentageClientsWithService": 99.82,
      "percentageClientsWithoutService": 0.18,
      "totalClients": 253068,
      "totalClientsWithService": 252620,
      "totalClientsWithoutService": 448
    }
  ],
  "timestamp": "01/20/2024 05:05 PM",
  "totals": {
    "totalClients": 1468223,
    "totalClientsWithService": 1467356,
    "totalClientsWithoutService": 867,
    "totalPercentageWithService": 99.94,
    "totalPercentageWithoutService": 0.06
  }
}