{
  "regions": [
    {
      "name": "Arecibo",
      "percentageClientsWithService": 99.8,
      "percentageClientsWithoutService": 0.2,
      "totalClients": 177369,
      "totalClientsWithService": 177014,
      "totalClientsWithoutService": 355
    },
    {
      "name": "Bayamon",
      "percentageClientsWithService": 99.98,
      "percentageClientsWithoutService": 0.02,
      "totalClients": 216496,
      "totalClientsWithService": 216447,
      "totalClientsWithoutService": 49
    },
    {
      "name": "Carolina",
      "percentageClientsWithService": 99.96,
      "percentageClientsWithoutService": 0.04,
      "totalClients": 141663,
      "totalClientsWithService": 141612,
      "totalClientsWithoutService": 51
    },
    {
      "name": "Caguas",
      "percentageClientsWithService": 99.97,
      "percentageClientsWithoutService": 0.03,
      "totalClients": 250514,
      "totalClientsWithService": 250431,
      "totalClientsWithoutService": 83
    },
    {
      "name": "Mayaguez",
      "percentageClientsWithService": 99.73,
      "percentageClientsWithoutService": 0.27,
      "totalClients": 216605,
      "totalClientsWithService": 216025,
      "totalClientsWithoutService": 580
    },
    {
      "name": "Ponce",
      "percentageClientsWithService": 98.76,
      "percentageClientsWithoutService": 1.24,
      "totalClients": 212508,
      "totalClientsWithService": 209871,
      "totalClientsWithoutService": 2637
    },
    {
      "name": "San Juan",
      "percentageClientsWithService": 99.96,
      "percentageClientsWithoutService": 0.04,
      "totalClients": 253068,
      "totalClientsWithService": 252967,
      "totalClientsWithoutService": 101
    }
  ],
  "timestamp": "01/20/2024 09:35 AM",
  "totals": {
    "totalClients": 1468223,
    "totalClientsWithService": 1464367,
    "totalClientsWithoutService": 3856,
    "totalPercentageWithService": 99.74,
    "totalPercentageWithoutService": 0.26
  }
}