{
  "regions": [
    {
      "name": "Arecibo",
      "percentageClientsWithService": 99.96,
      "percentageClientsWithoutService": 0.04,
      "totalClients": 177369,
      "totalClientsWithService": 177301,
      "totalClientsWithoutService": 68
    },
    {
      "name": "Bayamon",
      "percentageClientsWithService": 99.92,
      "percentageClientsWithoutService": 0.08,
      "totalClients": 216496,
      "totalClientsWithService": 216323,
      "totalClientsWithoutService": 173
    },
    {
      "name": "Carolina",
      "percentageClientsWithService": 99.96,
      "percentageClientsWithoutService": 0.04,
      "totalClients": 141663,
      "totalClientsWithService": 141608,
      "totalClientsWithoutService": 55
    },
    {
      "name": "Caguas",
      "percentageClientsWithService": 99.96,
      "percentageClientsWithoutService": 0.04,
      "totalClients": 250514,
      "totalClientsWithService": 250416,
      "totalClientsWithoutService": 98
    },
    {
      "name": "Mayaguez",
      "percentageClientsWithService": 99.84,
      "percentageClientsWithoutService": 0.16,
      "totalClients": 216605,
      "totalClientsWithService": 216258,
      "totalClientsWithoutService": 347
    },
    {
      "name": "Ponce",
      "percentageClientsWithService": 99.99,
      "percentageClientsWithoutService": 0.01,
      "totalClients": 212508,
      "totalClientsWithService": 212494,
      "totalClientsWithoutService": 14
    },
    {
      "name": "San Juan",
      "percentageClientsWithService": 99.81,
      "percentageClientsWithoutService": 0.19,
      "totalClients": 253068,
      "totalClientsWithService": 252596,
      "totalClientsWithoutService": 472
    }
  ],
  "timestamp": "01/20/2024 06:55 PM",
  "totals": {
    "totalClients": 1468223,
    "totalClientsWithService": 1466996,
    "totalClientsWithoutService": 1227,
    "totalPercentageWithService": 99.92,
    "totalPercentageWithoutService": 0.08
  }
}