{
  "regions": [
    {
      "name": "Arecibo",
      "percentageClientsWithService": 99.92,
      "percentageClientsWithoutService": 0.08,
      "totalClients": 177369,
      "totalClientsWithService": 177233,
      "totalClientsWithoutService": 136
    },
    {
      "name": "Bayamon",
      "percentageClientsWithService": 99.92,
      "percentageClientsWithoutService": 0.08,
      "totalClients": 216496,
      "totalClientsWithService": 216319,
      "totalClientsWithoutService": 177
    },
    {
      "name": "Carolina",
      "percentageClientsWithService": 99.93,
      "percentageClientsWithoutService": 0.07,
      "totalClients": 141663,
      "totalClientsWithService": 141568,
      "totalClientsWithoutService": 95
    },
    {
      "name": "Caguas",
      "percentageClientsWithService": 99.86,
      "percentageClientsWithoutService": 0.14,
      "totalClients": 250514,
      "totalClientsWithService": 250172,
      "totalClientsWithoutService": 342
    },
    {
      "name": "Mayaguez",
      "percentageClientsWithService": 99.95,
      "percentageClientsWithoutService": 0.05,
      "totalClients": 216605,
      "totalClientsWithService": 216489,
      "totalClientsWithoutService": 116
    },
    {
      "name": "Ponce",
      "percentageClientsWithService": 99.99,
      "percentageClientsWithoutService": 0.01,
      "totalClients": 212508,
      "totalClientsWithService": 212484,
      "totalClientsWithoutService": 24
    },
    {
      "name": "San Juan",
      "percentageClientsWithService": 99.96,
      "percentageClientsWithoutService": 0.04,
      "totalClients": 253068,
      "totalClientsWithService": 252955,
      "totalClientsWithoutService": 113
    }
  ],
  "timestamp": "01/20/2024 01:10 PM",
  "totals": {
    "totalClients": 1468223,
    "totalClientsWithService": 1467220,
    "totalClientsWithoutService": 1003,
    "totalPercentageWithService": 99.93,
    "totalPercentageWithoutService": 0.07
  }
}