{
  "regions": [
    {
      "name": "Arecibo",
      "percentageClientsWithService": 99.95,
      "percentageClientsWithoutService": 0.05,
      "totalClients": 177369,
      "totalClientsWithService": 177288,
      "totalClientsWithoutService": 81
    },
    {
      "name": "Bayamon",
      "percentageClientsWithService": 99.96,
      "percentageClientsWithoutService": 0.04,
      "totalClients": 216496,
      "totalClientsWithService": 216411,
      "totalClientsWithoutService": 85
    },
    {
      "name": "Carolina",
      "percentageClientsWithService": 99.96,
      "percentageClientsWithoutService": 0.04,
      "totalClients": 141663,
      "totalClientsWithService": 141608,
      "totalClientsWithoutService": 55
    },
    {
      "name": "Caguas",
      "percentageClientsWithService": 99.96,
      "percentageClientsWithoutService": 0.04,
      "totalClients": 250514,
      "totalClientsWithService": 250410,
      "totalClientsWithoutService": 104
    },
    {
      "name": "Mayaguez",
      "percentageClientsWithService": 99.95,
      "percentageClientsWithoutService": 0.05,
      "totalClients": 216605,
      "totalClientsWithService": 216498,
      "totalClientsWithoutService": 107
    },
    {
      "name": "Ponce",
      "percentageClientsWithService": 100.0,
      "percentageClientsWithoutService": 0.0,
      "totalClients": 212508,
      "totalClientsWithService": 212508,
      "totalClientsWithoutService": 0
    },
    {
      "name": "San Juan",
      "percentageClientsWithService": 99.82,
      "percentageClientsWithoutService": 0.18,
      "totalClients": 253068,
      "totalClientsWithService": 252600,
      "totalClientsWithoutService": 468
    }
  ],
  "timestamp": "01/20/2024 05:20 PM",
  "totals": {
    "totalClients": 1468223,
    "totalClientsWithService": 1467323,
    "totalClientsWithoutService": 900,
    "totalPercentageWithService": 99.94,
    "totalPercentageWithoutService": 0.06
  }
}