{
  "regions": [
    {
      "name": "Arecibo",
      "percentageClientsWithService": 99.98,
      "percentageClientsWithoutService": 0.02,
      "totalClients": 177369,
      "totalClientsWithService": 177325,
      "totalClientsWithoutService": 44
    },
    {
      "name": "Bayamon",
      "percentageClientsWithService": 100.0,
      "percentageClientsWithoutService": 0.0,
      "totalClients": 216496,
      "totalClientsWithService": 216495,
      "totalClientsWithoutService": 1
    },
    {
      "name": "Carolina",
      "percentageClientsWithService": 99.96,
      "percentageClientsWithoutService": 0.04,
      "totalClients": 141663,
      "totalClientsWithService": 141607,
      "totalClientsWithoutService": 56
    },
    {
      "name": "Caguas",
      "percentageClientsWithService": 99.83,
      "percentageClientsWithoutService": 0.17,
      "totalClients": 250514,
      "totalClientsWithService": 250085,
      "totalClientsWithoutService": 429
    },
    {
      "name": "Mayaguez",
      "percentageClientsWithService": 100.0,
      "percentageClientsWithoutService": 0.0,
      "totalClients": 216605,
      "totalClientsWithService": 216605,
      "totalClientsWithoutService": 0
    },
    {
      "name": "Ponce",
      "percentageClientsWithService": 99.98,
      "percentageClientsWithoutService": 0.02,
      "totalClients": 212508,
      "totalClientsWithService": 212466,
      "totalClientsWithoutService": 42
    },
    {
      "name": "San Juan",
      "percentageClientsWithService": 99.85,
      "percentageClientsWithoutService": 0.15,
      "totalClients": 253068,
      "totalClientsWithService": 252678,
      "totalClientsWithoutService": 390
    }
  ],
  "timestamp": "01/20/2024 09:50 PM",
  "totals": {
    "totalClients": 1468223,
    "totalClientsWithService": 1467261,
    "totalClientsWithoutService": 962,
    "totalPercentageWithService": 99.93,
    "totalPercentageWithoutService": 0.07
  }
}