{
  "regions": [
    {
      "name": "Arecibo",
      "percentageClientsWithService": 99.98,
      "percentageClientsWithoutService": 0.02,
      "totalClients": 177369,
      "totalClientsWithService": 177328,
      "totalClientsWithoutService": 41
    },
    {
      "name": "Bayamon",
      "percentageClientsWithService": 99.95,
      "percentageClientsWithoutService": 0.05,
      "totalClients": 216496,
      "totalClientsWithService": 216383,
      "totalClientsWithoutService": 113
    },
    {
      "name": "Carolina",
      "percentageClientsWithService": 99.96,
      "percentageClientsWithoutService": 0.04,
      "totalClients": 141663,
      "totalClientsWithService": 141608,
      "totalClientsWithoutService": 55
    },
    {
      "name": "Caguas",
      "percentageClientsWithService": 99.96,
      "percentageClientsWithoutService": 0.04,
      "totalClients": 250514,
      "totalClientsWithService": 250424,
      "totalClientsWithoutService": 90
    },
    {
      "name": "Mayaguez",
      "percentageClientsWithService": 99.84,
      "percentageClientsWithoutService": 0.16,
      "totalClients": 216605,
      "totalClientsWithService": 216257,
      "totalClientsWithoutService": 348
    },
    {
      "name": "Ponce",
      "percentageClientsWithService": 99.98,
      "percentageClientsWithoutService": 0.02,
      "totalClients": 212508,
      "totalClientsWithService": 212469,
      "totalClientsWithoutService": 39
    },
    {
      "name": "San Juan",
      "percentageClientsWithService": 99.89,
      "percentageClientsWithoutService": 0.11,
      "totalClients": 253068,
      "totalClientsWithService": 252800,
      "totalClientsWithoutService": 268
    }
  ],
  "timestamp": "01/20/2024 07:50 PM",
  "totals": {
    "totalClients": 1468223,
    "totalClientsWithService": 1467269,
    "totalClientsWithoutService": 954,
    "totalPercentageWithService": 99.94,
    "totalPercentageWithoutService": 0.06
  }
}