{
  "regions": [
    {
      "name": "Arecibo",
      "percentageClientsWithService": 99.91,
      "percentageClientsWithoutService": 0.09,
      "totalClients": 177369,
      "totalClientsWithService": 177218,
      "totalClientsWithoutService": 151
    },
    {
      "name": "Bayamon",
      "percentageClientsWithService": 99.99,
      "percentageClientsWithoutService": 0.01,
      "totalClients": 216496,
      "totalClientsWithService": 216484,
      "totalClientsWithoutService": 12
    },
    {
      "name": "Carolina",
      "percentageClientsWithService": 99.94,
      "percentageClientsWithoutService": 0.06,
      "totalClients": 141663,
      "totalClientsWithService": 141578,
      "totalClientsWithoutService": 85
    },
    {
      "name": "Caguas",
      "percentageClientsWithService": 99.93,
      "percentageClientsWithoutService": 0.07,
      "totalClients": 250514,
      "totalClientsWithService": 250350,
      "totalClientsWithoutService": 164
    },
    {
      "name": "Mayaguez",
      "percentageClientsWithService": 99.86,
      "percentageClientsWithoutService": 0.14,
      "totalClients": 216605,
      "totalClientsWithService": 216305,
      "totalClientsWithoutService": 300
    },
    {
      "name": "Ponce",
      "percentageClientsWithService": 100.0,
      "percentageClientsWithoutService": 0.0,
      "totalClients": 212508,
      "totalClientsWithService": 212503,
      "totalClientsWithoutService": 5
    },
    {
      "name": "San Juan",
      "percentageClientsWithService": 99.99,
      "percentageClientsWithoutService": 0.01,
      "totalClients": 253068,
      "totalClientsWithService": 253042,
      "totalClientsWithoutService": 26
    }
  ],
  "timestamp": "01/20/2024 08:05 AM",
  "totals": {
    "totalClients": 1468223,
    "totalClientsWithService": 1467480,
    "totalClientsWithoutService": 743,
    "totalPercentageWithService": 99.95,
    "totalPercentageWithoutService": 0.05
  }
}