{
  "regions": [
    {
      "name": "Arecibo",
      "percentageClientsWithService": 99.95,
      "percentageClientsWithoutService": 0.05,
      "totalClients": 177369,
      "totalClientsWithService": 177284,
      "totalClientsWithoutService": 85
    },
    {
      "name": "Bayamon",
      "percentageClientsWithService": 99.97,
      "percentageClientsWithoutService": 0.03,
      "totalClients": 216496,
      "totalClientsWithService": 216436,
      "totalClientsWithoutService": 60
    },
    {
      "name": "Carolina",
      "percentageClientsWithService": 99.96,
      "percentageClientsWithoutService": 0.04,
      "totalClients": 141663,
      "totalClientsWithService": 141608,
      "totalClientsWithoutService": 55
    },
    {
      "name": "Caguas",
      "percentageClientsWithService": 99.95,
      "percentageClientsWithoutService": 0.05,
      "totalClients": 250514,
      "totalClientsWithService": 250396,
      "totalClientsWithoutService": 118
    },
    {
      "name": "Mayaguez",
      "percentageClientsWithService": 99.95,
      "percentageClientsWithoutService": 0.05,
      "totalClients": 216605,
      "totalClientsWithService": 216497,
      "totalClientsWithoutService": 108
    },
    {
      "name": "Ponce",
      "percentageClientsWithService": 100.0,
      "percentageClientsWithoutService": 0.0,
      "totalClients": 212508,
      "totalClientsWithService": 212508,
      "totalClientsWithoutService": 0
    },
    {
      "name": "San Juan",
      "percentageClientsWithService": 99.81,
      "percentageClientsWithoutService": 0.19,
      "totalClients": 253068,
      "totalClientsWithService": 252597,
      "totalClientsWithoutService": 471
    }
  ],
  "timestamp": "01/20/2024 05:35 PM",
  "totals": {
    "totalClients": 1468223,
    "totalClientsWithService": 1467326,
    "totalClientsWithoutService": 897,
    "totalPercentageWithService": 99.94,
    "totalPercentageWithoutService": 0.06
  }
}