{
  "regions": [
    {
      "name": "Arecibo",
      "percentageClientsWithService": 99.94,
      "percentageClientsWithoutService": 0.06,
      "totalClients": 177369,
      "totalClientsWithService": 177258,
      "totalClientsWithoutService": 111
    },
    {
      "name": "Bayamon",
      "percentageClientsWithService": 99.95,
      "percentageClientsWithoutService": 0.05,
      "totalClients": 216496,
      "totalClientsWithService": 216397,
      "totalClientsWithoutService": 99
    },
    {
      "name": "Carolina",
      "percentageClientsWithService": 99.89,
      "percentageClientsWithoutService": 0.11,
      "totalClients": 141663,
      "totalClientsWithService": 141513,
      "totalClientsWithoutService": 150
    },
    {
      "name": "Caguas",
      "percentageClientsWithService": 99.86,
      "percentageClientsWithoutService": 0.14,
      "totalClients": 250514,
      "totalClientsWithService": 250168,
      "totalClientsWithoutService": 346
    },
    {
      "name": "Mayaguez",
      "percentageClientsWithService": 99.94,
      "percentageClientsWithoutService": 0.06,
      "totalClients": 216605,
      "totalClientsWithService": 216482,
      "totalClientsWithoutService": 123
    },
    {
      "name": "Ponce",
      "percentageClientsWithService": 99.99,
      "percentageClientsWithoutService": 0.01,
      "totalClients": 212508,
      "totalClientsWithService": 212497,
      "totalClientsWithoutService": 11
    },
    {
      "name": "San Juan",
      "percentageClientsWithService": 99.97,
      "percentageClientsWithoutService": 0.03,
      "totalClients": 253068,
      "totalClientsWithService": 252999,
      "totalClientsWithoutService": 69
    }
  ],
  "timestamp": "01/20/2024 02:35 PM",
  "totals": {
    "totalClients": 1468223,
    "totalClientsWithService": 1467314,
    "totalClientsWithoutService": 909,
    "totalPercentageWithService": 99.94,
    "totalPercentageWithoutService": 0.06
  }
}