{
  "regions": [
    {
      "name": "Arecibo",
      "percentageClientsWithService": 99.96,
      "percentageClientsWithoutService": 0.04,
      "totalClients": 177369,
      "totalClientsWithService": 177291,
      "totalClientsWithoutService": 78
    },
    {
      "name": "Bayamon",
      "percentageClientsWithService": 99.94,
      "percentageClientsWithoutService": 0.06,
      "totalClients": 216496,
      "totalClientsWithService": 216363,
      "totalClientsWithoutService": 133
    },
    {
      "name": "Carolina",
      "percentageClientsWithService": 99.94,
      "percentageClientsWithoutService": 0.06,
      "totalClients": 141663,
      "totalClientsWithService": 141576,
      "totalClientsWithoutService": 87
    },
    {
      "name": "Caguas",
      "percentageClientsWithService": 99.87,
      "percentageClientsWithoutService": 0.13,
      "totalClients": 250514,
      "totalClientsWithService": 250184,
      "totalClientsWithoutService": 330
    },
    {
      "name": "Mayaguez",
      "percentageClientsWithService": 99.95,
      "percentageClientsWithoutService": 0.05,
      "totalClients": 216605,
      "totalClientsWithService": 216489,
      "totalClientsWithoutService": 116
    },
    {
      "name": "Ponce",
      "percentageClientsWithService": 100.0,
      "percentageClientsWithoutService": 0.0,
      "totalClients": 212508,
      "totalClientsWithService": 212506,
      "totalClientsWithoutService": 2
    },
    {
      "name": "San Juan",
      "percentageClientsWithService": 99.98,
      "percentageClientsWithoutService": 0.02,
      "totalClients": 253068,
      "totalClientsWithService": 253021,
      "totalClientsWithoutService": 47
    }
  ],
  "timestamp": "01/20/2024 03:25 PM",
  "totals": {
    "totalClients": 1468223,
    "totalClientsWithService": 1467430,
    "totalClientsWithoutService": 793,
    "totalPercentageWithService": 99.95,
    "totalPercentageWithoutService": 0.05
  }
}