{
  "regions": [
    {
      "name": "Arecibo",
      "percentageClientsWithService": 99.84,
      "percentageClientsWithoutService": 0.16,
      "totalClients": 177369,
      "totalClientsWithService": 177080,
      "totalClientsWithoutService": 289
    },
    {
      "name": "Bayamon",
      "percentageClientsWithService": 99.98,
      "percentageClientsWithoutService": 0.02,
      "totalClients": 216496,
      "totalClientsWithService": 216456,
      "totalClientsWithoutService": 40
    },
    {
      "name": "Carolina",
      "percentageClientsWithService": 99.94,
      "percentageClientsWithoutService": 0.06,
      "totalClients": 141663,
      "totalClientsWithService": 141579,
      "totalClientsWithoutService": 84
    },
    {
      "name": "Caguas",
      "percentageClientsWithService": 99.97,
      "percentageClientsWithoutService": 0.03,
      "totalClients": 250514,
      "totalClientsWithService": 250430,
      "totalClientsWithoutService": 84
    },
    {
      "name": "Mayaguez",
      "percentageClientsWithService": 99.73,
      "percentageClientsWithoutService": 0.27,
      "totalClients": 216605,
      "totalClientsWithService": 216028,
      "totalClientsWithoutService": 577
    },
    {
      "name": "Ponce",
      "percentageClientsWithService": 98.78,
      "percentageClientsWithoutService": 1.22,
      "totalClients": 212508,
      "totalClientsWithService": 209919,
      "totalClientsWithoutService": 2589
    },
    {
      "name": "San Juan",
      "percentageClientsWithService": 99.98,
      "percentageClientsWithoutService": 0.02,
      "totalClients": 253068,
      "totalClientsWithService": 253027,
      "totalClientsWithoutService": 41
    }
  ],
  "timestamp": "01/20/2024 08:40 AM",
  "totals": {
    "totalClients": 1468223,
    "totalClientsWithService": 1464519,
    "totalClientsWithoutService": 3704,
    "totalPercentageWithService": 99.75,
    "totalPercentageWithoutService": 0.25
  }
}