{
  "regions": [
    {
      "name": "Arecibo",
      "percentageClientsWithService": 99.96,
      "percentageClientsWithoutService": 0.04,
      "totalClients": 177369,
      "totalClientsWithService": 177303,
      "totalClientsWithoutService": 66
    },
    {
      "name": "Bayamon",
      "percentageClientsWithService": 100.0,
      "percentageClientsWithoutService": 0.0,
      "totalClients": 216496,
      "totalClientsWithService": 216495,
      "totalClientsWithoutService": 1
    },
    {
      "name": "Carolina",
      "percentageClientsWithService": 99.96,
      "percentageClientsWithoutService": 0.04,
      "totalClients": 141663,
      "totalClientsWithService": 141607,
      "totalClientsWithoutService": 56
    },
    {
      "name": "Caguas",
      "percentageClientsWithService": 99.83,
      "percentageClientsWithoutService": 0.17,
      "totalClients": 250514,
      "totalClientsWithService": 250080,
      "totalClientsWithoutService": 434
    },
    {
      "name": "Mayaguez",
      "percentageClientsWithService": 100.0,
      "percentageClientsWithoutService": 0.0,
      "totalClients": 216605,
      "totalClientsWithService": 216605,
      "totalClientsWithoutService": 0
    },
    {
      "name": "Ponce",
      "percentageClientsWithService": 99.96,
      "percentageClientsWithoutService": 0.04,
      "totalClients": 212508,
      "totalClientsWithService": 212431,
      "totalClientsWithoutService": 77
    },
    {
      "name": "San Juan",
      "percentageClientsWithService": 99.84,
      "percentageClientsWithoutService": 0.16,
      "totalClients": 253068,
      "totalClientsWithService": 252671,
      "totalClientsWithoutService": 397
    }
  ],
  "timestamp": "01/20/2024 10:15 PM",
  "totals": {
    "totalClients": 1468223,
    "totalClientsWithService": 1467192,
    "totalClientsWithoutService": 1031,
    "totalPercentageWithService": 99.93,
    "totalPercentageWithoutService": 0.07
  }
}