{
  "regions": [
    {
      "name": "Arecibo",
      "percentageClientsWithService": 99.94,
      "percentageClientsWithoutService": 0.06,
      "totalClients": 177369,
      "totalClientsWithService": 177256,
      "totalClientsWithoutService": 113
    },
    {
      "name": "Bayamon",
      "percentageClientsWithService": 99.95,
      "percentageClientsWithoutService": 0.05,
      "totalClients": 216496,
      "totalClientsWithService": 216386,
      "totalClientsWithoutService": 110
    },
    {
      "name": "Carolina",
      "percentageClientsWithService": 99.93,
      "percentageClientsWithoutService": 0.07,
      "totalClients": 141663,
      "totalClientsWithService": 141567,
      "totalClientsWithoutService": 96
    },
    {
      "name": "Caguas",
      "percentageClientsWithService": 99.87,
      "percentageClientsWithoutService": 0.13,
      "totalClients": 250514,
      "totalClientsWithService": 250180,
      "totalClientsWithoutService": 334
    },
    {
      "name": "Mayaguez",
      "percentageClientsWithService": 99.95,
      "percentageClientsWithoutService": 0.05,
      "totalClients": 216605,
      "totalClientsWithService": 216490,
      "totalClientsWithoutService": 115
    },
    {
      "name": "Ponce",
      "percentageClientsWithService": 99.95,
      "percentageClientsWithoutService": 0.05,
      "totalClients": 212508,
      "totalClientsWithService": 212412,
      "totalClientsWithoutService": 96
    },
    {
      "name": "San Juan",
      "percentageClientsWithService": 99.94,
      "percentageClientsWithoutService": 0.06,
      "totalClients": 253068,
      "totalClientsWithService": 252919,
      "totalClientsWithoutService": 149
    }
  ],
  "timestamp": "01/20/2024 01:55 PM",
  "totals": {
    "totalClients": 1468223,
    "totalClientsWithService": 1467210,
    "totalClientsWithoutService": 1013,
    "totalPercentageWithService": 99.93,
    "totalPercentageWithoutService": 0.07
  }
}