{
  "regions": [
    {
      "name": "Arecibo",
      "percentageClientsWithService": 99.97,
      "percentageClientsWithoutService": 0.03,
      "totalClients": 177369,
      "totalClientsWithService": 177322,
      "totalClientsWithoutService": 47
    },
    {
      "name": "Bayamon",
      "percentageClientsWithService": 99.95,
      "percentageClientsWithoutService": 0.05,
      "totalClients": 216496,
      "totalClientsWithService": 216382,
      "totalClientsWithoutService": 114
    },
    {
      "name": "Carolina",
      "percentageClientsWithService": 99.96,
      "percentageClientsWithoutService": 0.04,
      "totalClients": 141663,
      "totalClientsWithService": 141608,
      "totalClientsWithoutService": 55
    },
    {
      "name": "Caguas",
      "percentageClientsWithService": 99.97,
      "percentageClientsWithoutService": 0.03,
      "totalClients": 250514,
      "totalClientsWithService": 250439,
      "totalClientsWithoutService": 75
    },
    {
      "name": "Mayaguez",
      "percentageClientsWithService": 100.0,
      "percentageClientsWithoutService": 0.0,
      "totalClients": 216605,
      "totalClientsWithService": 216605,
      "totalClientsWithoutService": 0
    },
    {
      "name": "Ponce",
      "percentageClientsWithService": 99.98,
      "percentageClientsWithoutService": 0.02,
      "totalClients": 212508,
      "totalClientsWithService": 212466,
      "totalClientsWithoutService": 42
    },
    {
      "name": "San Juan",
      "percentageClientsWithService": 99.86,
      "percentageClientsWithoutService": 0.14,
      "totalClients": 253068,
      "totalClientsWithService": 252723,
      "totalClientsWithoutService": 345
    }
  ],
  "timestamp": "01/20/2024 09:05 PM",
  "totals": {
    "totalClients": 1468223,
    "totalClientsWithService": 1467545,
    "totalClientsWithoutService": 678,
    "totalPercentageWithService": 99.95,
    "totalPercentageWithoutService": 0.05
  }
}