{
  "regions": [
    {
      "name": "Arecibo",
      "percentageClientsWithService": 99.97,
      "percentageClientsWithoutService": 0.03,
      "totalClients": 177369,
      "totalClientsWithService": 177309,
      "totalClientsWithoutService": 60
    },
    {
      "name": "Bayamon",
      "percentageClientsWithService": 100.0,
      "percentageClientsWithoutService": 0.0,
      "totalClients": 216496,
      "totalClientsWithService": 216495,
      "totalClientsWithoutService": 1
    },
    {
      "name": "Carolina",
      "percentageClientsWithService": 99.96,
      "percentageClientsWithoutService": 0.04,
      "totalClients": 141663,
      "totalClientsWithService": 141606,
      "totalClientsWithoutService": 57
    },
    {
      "name": "Caguas",
      "percentageClientsWithService": 99.83,
      "percentageClientsWithoutService": 0.17,
      "totalClients": 250514,
      "totalClientsWithService": 250077,
      "totalClientsWithoutService": 437
    },
    {
      "name": "Mayaguez",
      "percentageClientsWithService": 100.0,
      "percentageClientsWithoutService": 0.0,
      "totalClients": 216605,
      "totalClientsWithService": 216605,
      "totalClientsWithoutService": 0
    },
    {
      "name": "Ponce",
      "percentageClientsWithService": 99.97,
      "percentageClientsWithoutService": 0.03,
      "totalClients": 212508,
      "totalClientsWithService": 212434,
      "totalClientsWithoutService": 74
    },
    {
      "name": "San Juan",
      "percentageClientsWithService": 99.95,
      "percentageClientsWithoutService": 0.05,
      "totalClients": 253068,
      "totalClientsWithService": 252944,
      "totalClientsWithoutService": 124
    }
  ],
  "timestamp": "01/20/2024 11:45 PM",
  "totals": {
    "totalClients": 1468223,
    "totalClientsWithService": 1467470,
    "totalClientsWithoutService": 753,
    "totalPercentageWithService": 99.95,
    "totalPercentageWithoutService": 0.05
  }
}