{
  "regions": [
    {
      "name": "Arecibo",
      "percentageClientsWithService": 99.61,
      "percentageClientsWithoutService": 0.39,
      "totalClients": 177369,
      "totalClientsWithService": 176671,
      "totalClientsWithoutService": 698
    },
    {
      "name": "Bayamon",
      "percentageClientsWithService": 99.98,
      "percentageClientsWithoutService": 0.02,
      "totalClients": 216496,
      "totalClientsWithService": 216456,
      "totalClientsWithoutService": 40
    },
    {
      "name": "Carolina",
      "percentageClientsWithService": 99.94,
      "percentageClientsWithoutService": 0.06,
      "totalClients": 141663,
      "totalClientsWithService": 141579,
      "totalClientsWithoutService": 84
    },
    {
      "name": "Caguas",
      "percentageClientsWithService": 99.97,
      "percentageClientsWithoutService": 0.03,
      "totalClients": 250514,
      "totalClientsWithService": 250430,
      "totalClientsWithoutService": 84
    },
    {
      "name": "Mayaguez",
      "percentageClientsWithService": 99.73,
      "percentageClientsWithoutService": 0.27,
      "totalClients": 216605,
      "totalClientsWithService": 216028,
      "totalClientsWithoutService": 577
    },
    {
      "name": "Ponce",
      "percentageClientsWithService": 98.78,
      "percentageClientsWithoutService": 1.22,
      "totalClients": 212508,
      "totalClientsWithService": 209919,
      "totalClientsWithoutService": 2589
    },
    {
      "name": "San Juan",
      "percentageClientsWithService": 99.95,
      "percentageClientsWithoutService": 0.05,
      "totalClients": 253068,
      "totalClientsWithService": 252949,
      "totalClientsWithoutService": 119
    }
  ],
  "timestamp": "01/20/2024 08:45 AM",
  "totals": {
    "totalClients": 1468223,
    "totalClientsWithService": 1464032,
    "totalClientsWithoutService": 4191,
    "totalPercentageWithService": 99.71,
    "totalPercentageWithoutService": 0.29
  }
}