{
  "regions": [
    {
      "name": "Arecibo",
      "percentageClientsWithService": 99.78,
      "percentageClientsWithoutService": 0.22,
      "totalClients": 177369,
      "totalClientsWithService": 176987,
      "totalClientsWithoutService": 382
    },
    {
      "name": "Bayamon",
      "percentageClientsWithService": 99.89,
      "percentageClientsWithoutService": 0.11,
      "totalClients": 216496,
      "totalClientsWithService": 216261,
      "totalClientsWithoutService": 235
    },
    {
      "name": "Carolina",
      "percentageClientsWithService": 97.9,
      "percentageClientsWithoutService": 2.1,
      "totalClients": 141663,
      "totalClientsWithService": 138683,
      "totalClientsWithoutService": 2980
    },
    {
      "name": "Caguas",
      "percentageClientsWithService": 99.95,
      "percentageClientsWithoutService": 0.05,
      "totalClients": 250514,
      "totalClientsWithService": 250391,
      "totalClientsWithoutService": 123
    },
    {
      "name": "Mayaguez",
      "percentageClientsWithService": 99.91,
      "percentageClientsWithoutService": 0.09,
      "totalClients": 216605,
      "totalClientsWithService": 216400,
      "totalClientsWithoutService": 205
    },
    {
      "name": "Ponce",
      "percentageClientsWithService": 98.75,
      "percentageClientsWithoutService": 1.25,
      "totalClients": 212508,
      "totalClientsWithService": 209847,
      "totalClientsWithoutService": 2661
    },
    {
      "name": "San Juan",
      "percentageClientsWithService": 99.94,
      "percentageClientsWithoutService": 0.06,
      "totalClients": 253068,
      "totalClientsWithService": 252928,
      "totalClientsWithoutService": 140
    }
  ],
  "timestamp": "01/20/2024 11:10 AM",
  "totals": {
    "totalClients": 1468223,
    "totalClientsWithService": 1461497,
    "totalClientsWithoutService": 6726,
    "totalPercentageWithService": 99.54,
    "totalPercentageWithoutService": 0.46
  }
}