{
  "regions": [
    {
      "name": "Arecibo",
      "percentageClientsWithService": 99.74,
      "percentageClientsWithoutService": 0.26,
      "totalClients": 177369,
      "totalClientsWithService": 176906,
      "totalClientsWithoutService": 463
    },
    {
      "name": "Bayamon",
      "percentageClientsWithService": 99.89,
      "percentageClientsWithoutService": 0.11,
      "totalClients": 216496,
      "totalClientsWithService": 216250,
      "totalClientsWithoutService": 246
    },
    {
      "name": "Carolina",
      "percentageClientsWithService": 99.94,
      "percentageClientsWithoutService": 0.06,
      "totalClients": 141663,
      "totalClientsWithService": 141575,
      "totalClientsWithoutService": 88
    },
    {
      "name": "Caguas",
      "percentageClientsWithService": 99.95,
      "percentageClientsWithoutService": 0.05,
      "totalClients": 250514,
      "totalClientsWithService": 250392,
      "totalClientsWithoutService": 122
    },
    {
      "name": "Mayaguez",
      "percentageClientsWithService": 99.9,
      "percentageClientsWithoutService": 0.1,
      "totalClients": 216605,
      "totalClientsWithService": 216389,
      "totalClientsWithoutService": 216
    },
    {
      "name": "Ponce",
      "percentageClientsWithService": 99.87,
      "percentageClientsWithoutService": 0.13,
      "totalClients": 212508,
      "totalClientsWithService": 212235,
      "totalClientsWithoutService": 273
    },
    {
      "name": "San Juan",
      "percentageClientsWithService": 99.96,
      "percentageClientsWithoutService": 0.04,
      "totalClients": 253068,
      "totalClientsWithService": 252972,
      "totalClientsWithoutService": 96
    }
  ],
  "timestamp": "01/20/2024 11:45 AM",
  "totals": {
    "totalClients": 1468223,
    "totalClientsWithService": 1466719,
    "totalClientsWithoutService": 1504,
    "totalPercentageWithService": 99.9,
    "totalPercentageWithoutService": 0.1
  }
}