{
  "regions": [
    {
      "name": "Arecibo",
      "percentageClientsWithService": 99.79,
      "percentageClientsWithoutService": 0.21,
      "totalClients": 177369,
      "totalClientsWithService": 176988,
      "totalClientsWithoutService": 381
    },
    {
      "name": "Bayamon",
      "percentageClientsWithService": 99.84,
      "percentageClientsWithoutService": 0.16,
      "totalClients": 216496,
      "totalClientsWithService": 216160,
      "totalClientsWithoutService": 336
    },
    {
      "name": "Carolina",
      "percentageClientsWithService": 99.94,
      "percentageClientsWithoutService": 0.06,
      "totalClients": 141663,
      "totalClientsWithService": 141575,
      "totalClientsWithoutService": 88
    },
    {
      "name": "Caguas",
      "percentageClientsWithService": 99.96,
      "percentageClientsWithoutService": 0.04,
      "totalClients": 250514,
      "totalClientsWithService": 250415,
      "totalClientsWithoutService": 99
    },
    {
      "name": "Mayaguez",
      "percentageClientsWithService": 99.91,
      "percentageClientsWithoutService": 0.09,
      "totalClients": 216605,
      "totalClientsWithService": 216400,
      "totalClientsWithoutService": 205
    },
    {
      "name": "Ponce",
      "percentageClientsWithService": 98.72,
      "percentageClientsWithoutService": 1.28,
      "totalClients": 212508,
      "totalClientsWithService": 209795,
      "totalClientsWithoutService": 2713
    },
    {
      "name": "San Juan",
      "percentageClientsWithService": 99.96,
      "percentageClientsWithoutService": 0.04,
      "totalClients": 253068,
      "totalClientsWithService": 252956,
      "totalClientsWithoutService": 112
    }
  ],
  "timestamp": "01/20/2024 10:30 AM",
  "totals": {
    "totalClients": 1468223,
    "totalClientsWithService": 1464289,
    "totalClientsWithoutService": 3934,
    "totalPercentageWithService": 99.73,
    "totalPercentageWithoutService": 0.27
  }
}