{
  "regions": [
    {
      "name": "Arecibo",
      "percentageClientsWithService": 99.75,
      "percentageClientsWithoutService": 0.25,
      "totalClients": 177369,
      "totalClientsWithService": 176919,
      "totalClientsWithoutService": 450
    },
    {
      "name": "Bayamon",
      "percentageClientsWithService": 99.88,
      "percentageClientsWithoutService": 0.12,
      "totalClients": 216496,
      "totalClientsWithService": 216228,
      "totalClientsWithoutService": 268
    },
    {
      "name": "Carolina",
      "percentageClientsWithService": 99.93,
      "percentageClientsWithoutService": 0.07,
      "totalClients": 141663,
      "totalClientsWithService": 141570,
      "totalClientsWithoutService": 93
    },
    {
      "name": "Caguas",
      "percentageClientsWithService": 99.94,
      "percentageClientsWithoutService": 0.06,
      "totalClients": 250514,
      "totalClientsWithService": 250374,
      "totalClientsWithoutService": 140
    },
    {
      "name": "Mayaguez",
      "percentageClientsWithService": 99.9,
      "percentageClientsWithoutService": 0.1,
      "totalClients": 216605,
      "totalClientsWithService": 216389,
      "totalClientsWithoutService": 216
    },
    {
      "name": "Ponce",
      "percentageClientsWithService": 99.91,
      "percentageClientsWithoutService": 0.09,
      "totalClients": 212508,
      "totalClientsWithService": 212308,
      "totalClientsWithoutService": 200
    },
    {
      "name": "San Juan",
      "percentageClientsWithService": 99.96,
      "percentageClientsWithoutService": 0.04,
      "totalClients": 253068,
      "totalClientsWithService": 252972,
      "totalClientsWithoutService": 96
    }
  ],
  "timestamp": "01/20/2024 12:00 PM",
  "totals": {
    "totalClients": 1468223,
    "totalClientsWithService": 1466760,
    "totalClientsWithoutService": 1463,
    "totalPercentageWithService": 99.9,
    "totalPercentageWithoutService": 0.1
  }
}