{
  "regions": [
    {
      "name": "Arecibo",
      "percentageClientsWithService": 99.81,
      "percentageClientsWithoutService": 0.19,
      "totalClients": 177369,
      "totalClientsWithService": 177027,
      "totalClientsWithoutService": 342
    },
    {
      "name": "Bayamon",
      "percentageClientsWithService": 99.91,
      "percentageClientsWithoutService": 0.09,
      "totalClients": 216496,
      "totalClientsWithService": 216296,
      "totalClientsWithoutService": 200
    },
    {
      "name": "Carolina",
      "percentageClientsWithService": 99.93,
      "percentageClientsWithoutService": 0.07,
      "totalClients": 141663,
      "totalClientsWithService": 141569,
      "totalClientsWithoutService": 94
    },
    {
      "name": "Caguas",
      "percentageClientsWithService": 99.86,
      "percentageClientsWithoutService": 0.14,
      "totalClients": 250514,
      "totalClientsWithService": 250173,
      "totalClientsWithoutService": 341
    },
    {
      "name": "Mayaguez",
      "percentageClientsWithService": 99.95,
      "percentageClientsWithoutService": 0.05,
      "totalClients": 216605,
      "totalClientsWithService": 216488,
      "totalClientsWithoutService": 117
    },
    {
      "name": "Ponce",
      "percentageClientsWithService": 99.78,
      "percentageClientsWithoutService": 0.22,
      "totalClients": 212508,
      "totalClientsWithService": 212044,
      "totalClientsWithoutService": 464
    },
    {
      "name": "San Juan",
      "percentageClientsWithService": 99.96,
      "percentageClientsWithoutService": 0.04,
      "totalClients": 253068,
      "totalClientsWithService": 252956,
      "totalClientsWithoutService": 112
    }
  ],
  "timestamp": "01/20/2024 12:45 PM",
  "totals": {
    "totalClients": 1468223,
    "totalClientsWithService": 1466553,
    "totalClientsWithoutService": 1670,
    "totalPercentageWithService": 99.89,
    "totalPercentageWithoutService": 0.11
  }
}