{
  "regions": [
    {
      "name": "Arecibo",
      "percentageClientsWithService": 99.75,
      "percentageClientsWithoutService": 0.25,
      "totalClients": 177369,
      "totalClientsWithService": 176918,
      "totalClientsWithoutService": 451
    },
    {
      "name": "Bayamon",
      "percentageClientsWithService": 99.88,
      "percentageClientsWithoutService": 0.12,
      "totalClients": 216496,
      "totalClientsWithService": 216228,
      "totalClientsWithoutService": 268
    },
    {
      "name": "Carolina",
      "percentageClientsWithService": 99.93,
      "percentageClientsWithoutService": 0.07,
      "totalClients": 141663,
      "totalClientsWithService": 141569,
      "totalClientsWithoutService": 94
    },
    {
      "name": "Caguas",
      "percentageClientsWithService": 99.86,
      "percentageClientsWithoutService": 0.14,
      "totalClients": 250514,
      "totalClientsWithService": 250162,
      "totalClientsWithoutService": 352
    },
    {
      "name": "Mayaguez",
      "percentageClientsWithService": 99.9,
      "percentageClientsWithoutService": 0.1,
      "totalClients": 216605,
      "totalClientsWithService": 216389,
      "totalClientsWithoutService": 216
    },
    {
      "name": "Ponce",
      "percentageClientsWithService": 99.91,
      "percentageClientsWithoutService": 0.09,
      "totalClients": 212508,
      "totalClientsWithService": 212308,
      "totalClientsWithoutService": 200
    },
    {
      "name": "San Juan",
      "percentageClientsWithService": 99.96,
      "percentageClientsWithoutService": 0.04,
      "totalClients": 253068,
      "totalClientsWithService": 252972,
      "totalClientsWithoutService": 96
    }
  ],
  "timestamp": "01/20/2024 12:05 PM",
  "totals": {
    "totalClients": 1468223,
    "totalClientsWithService": 1466546,
    "totalClientsWithoutService": 1677,
    "totalPercentageWithService": 99.89,
    "totalPercentageWithoutService": 0.11
  }
}