{
  "regions": [
    {
      "name": "Arecibo",
      "percentageClientsWithService": 99.87,
      "percentageClientsWithoutService": 0.13,
      "totalClients": 177369,
      "totalClientsWithService": 177137,
      "totalClientsWithoutService": 232
    },
    {
      "name": "Bayamon",
      "percentageClientsWithService": 99.89,
      "percentageClientsWithoutService": 0.11,
      "totalClients": 216496,
      "totalClientsWithService": 216262,
      "totalClientsWithoutService": 234
    },
    {
      "name": "Carolina",
      "percentageClientsWithService": 99.94,
      "percentageClientsWithoutService": 0.06,
      "totalClients": 141663,
      "totalClientsWithService": 141576,
      "totalClientsWithoutService": 87
    },
    {
      "name": "Caguas",
      "percentageClientsWithService": 99.95,
      "percentageClientsWithoutService": 0.05,
      "totalClients": 250514,
      "totalClientsWithService": 250395,
      "totalClientsWithoutService": 119
    },
    {
      "name": "Mayaguez",
      "percentageClientsWithService": 99.9,
      "percentageClientsWithoutService": 0.1,
      "totalClients": 216605,
      "totalClientsWithService": 216399,
      "totalClientsWithoutService": 206
    },
    {
      "name": "Ponce",
      "percentageClientsWithService": 98.75,
      "percentageClientsWithoutService": 1.25,
      "totalClients": 212508,
      "totalClientsWithService": 209848,
      "totalClientsWithoutService": 2660
    },
    {
      "name": "San Juan",
      "percentageClientsWithService": 99.95,
      "percentageClientsWithoutService": 0.05,
      "totalClients": 253068,
      "totalClientsWithService": 252931,
      "totalClientsWithoutService": 137
    }
  ],
  "timestamp": "01/20/2024 10:50 AM",
  "totals": {
    "totalClients": 1468223,
    "totalClientsWithService": 1464548,
    "totalClientsWithoutService": 3675,
    "totalPercentageWithService": 99.75,
    "totalPercentageWithoutService": 0.25
  }
}