{
  "regions": [
    {
      "name": "Arecibo",
      "percentageClientsWithService": 99.99,
      "percentageClientsWithoutService": 0.01,
      "totalClients": 177369,
      "totalClientsWithService": 177353,
      "totalClientsWithoutService": 16
    },
    {
      "name": "Bayamon",
      "percentageClientsWithService": 99.95,
      "percentageClientsWithoutService": 0.05,
      "totalClients": 216496,
      "totalClientsWithService": 216383,
      "totalClientsWithoutService": 113
    },
    {
      "name": "Carolina",
      "percentageClientsWithService": 99.96,
      "percentageClientsWithoutService": 0.04,
      "totalClients": 141663,
      "totalClientsWithService": 141608,
      "totalClientsWithoutService": 55
    },
    {
      "name": "Caguas",
      "percentageClientsWithService": 99.97,
      "percentageClientsWithoutService": 0.03,
      "totalClients": 250514,
      "totalClientsWithService": 250438,
      "totalClientsWithoutService": 76
    },
    {
      "name": "Mayaguez",
      "percentageClientsWithService": 99.84,
      "percentageClientsWithoutService": 0.16,
      "totalClients": 216605,
      "totalClientsWithService": 216258,
      "totalClientsWithoutService": 347
    },
    {
      "name": "Ponce",
      "percentageClientsWithService": 99.98,
      "percentageClientsWithoutService": 0.02,
      "totalClients": 212508,
      "totalClientsWithService": 212470,
      "totalClientsWithoutService": 38
    },
    {
      "name": "San Juan",
      "percentageClientsWithService": 99.89,
      "percentageClientsWithoutService": 0.11,
      "totalClients": 253068,
      "totalClientsWithService": 252801,
      "totalClientsWithoutService": 267
    }
  ],
  "timestamp": "01/20/2024 08:10 PM",
  "totals": {
    "totalClients": 1468223,
    "totalClientsWithService": 1467311,
    "totalClientsWithoutService": 912,
    "totalPercentageWithService": 99.94,
    "totalPercentageWithoutService": 0.06
  }
}