{
  "regions": [
    {
      "name": "Arecibo",
      "percentageClientsWithService": 99.86,
      "percentageClientsWithoutService": 0.14,
      "totalClients": 177369,
      "totalClientsWithService": 177126,
      "totalClientsWithoutService": 243
    },
    {
      "name": "Bayamon",
      "percentageClientsWithService": 99.89,
      "percentageClientsWithoutService": 0.11,
      "totalClients": 216496,
      "totalClientsWithService": 216261,
      "totalClientsWithoutService": 235
    },
    {
      "name": "Carolina",
      "percentageClientsWithService": 99.94,
      "percentageClientsWithoutService": 0.06,
      "totalClients": 141663,
      "totalClientsWithService": 141576,
      "totalClientsWithoutService": 87
    },
    {
      "name": "Caguas",
      "percentageClientsWithService": 99.95,
      "percentageClientsWithoutService": 0.05,
      "totalClients": 250514,
      "totalClientsWithService": 250395,
      "totalClientsWithoutService": 119
    },
    {
      "name": "Mayaguez",
      "percentageClientsWithService": 99.91,
      "percentageClientsWithoutService": 0.09,
      "totalClients": 216605,
      "totalClientsWithService": 216401,
      "totalClientsWithoutService": 204
    },
    {
      "name": "Ponce",
      "percentageClientsWithService": 98.75,
      "percentageClientsWithoutService": 1.25,
      "totalClients": 212508,
      "totalClientsWithService": 209848,
      "totalClientsWithoutService": 2660
    },
    {
      "name": "San Juan",
      "percentageClientsWithService": 99.95,
      "percentageClientsWithoutService": 0.05,
      "totalClients": 253068,
      "totalClientsWithService": 252930,
      "totalClientsWithoutService": 138
    }
  ],
  "timestamp": "01/20/2024 10:55 AM",
  "totals": {
    "totalClients": 1468223,
    "totalClientsWithService": 1464537,
    "totalClientsWithoutService": 3686,
    "totalPercentageWithService": 99.75,
    "totalPercentageWithoutService": 0.25
  }
}