{
  "regions": [
    {
      "name": "Arecibo",
      "percentageClientsWithService": 99.91,
      "percentageClientsWithoutService": 0.09,
      "totalClients": 177369,
      "totalClientsWithService": 177218,
      "totalClientsWithoutService": 151
    },
    {
      "name": "Bayamon",
      "percentageClientsWithService": 99.99,
      "percentageClientsWithoutService": 0.01,
      "totalClients": 216496,
      "totalClientsWithService": 216483,
      "totalClientsWithoutService": 13
    },
    {
      "name": "Carolina",
      "percentageClientsWithService": 99.97,
      "percentageClientsWithoutService": 0.03,
      "totalClients": 141663,
      "totalClientsWithService": 141614,
      "totalClientsWithoutService": 49
    },
    {
      "name": "Caguas",
      "percentageClientsWithService": 99.97,
      "percentageClientsWithoutService": 0.03,
      "totalClients": 250514,
      "totalClientsWithService": 250430,
      "totalClientsWithoutService": 84
    },
    {
      "name": "Mayaguez",
      "percentageClientsWithService": 99.95,
      "percentageClientsWithoutService": 0.05,
      "totalClients": 216605,
      "totalClientsWithService": 216505,
      "totalClientsWithoutService": 100
    },
    {
      "name": "Ponce",
      "percentageClientsWithService": 100.0,
      "percentageClientsWithoutService": 0.0,
      "totalClients": 212508,
      "totalClientsWithService": 212506,
      "totalClientsWithoutService": 2
    },
    {
      "name": "San Juan",
      "percentageClientsWithService": 100.0,
      "percentageClientsWithoutService": 0.0,
      "totalClients": 253068,
      "totalClientsWithService": 253064,
      "totalClientsWithoutService": 4
    }
  ],
  "timestamp": "01/20/2024 06:35 AM",
  "totals": {
    "totalClients": 1468223,
    "totalClientsWithService": 1467820,
    "totalClientsWithoutService": 403,
    "totalPercentageWithService": 99.97,
    "totalPercentageWithoutService": 0.03
  }
}