{
  "regions": [
    {
      "name": "Arecibo",
      "percentageClientsWithService": 99.94,
      "percentageClientsWithoutService": 0.06,
      "totalClients": 177369,
      "totalClientsWithService": 177261,
      "totalClientsWithoutService": 108
    },
    {
      "name": "Bayamon",
      "percentageClientsWithService": 99.95,
      "percentageClientsWithoutService": 0.05,
      "totalClients": 216496,
      "totalClientsWithService": 216386,
      "totalClientsWithoutService": 110
    },
    {
      "name": "Carolina",
      "percentageClientsWithService": 99.93,
      "percentageClientsWithoutService": 0.07,
      "totalClients": 141663,
      "totalClientsWithService": 141566,
      "totalClientsWithoutService": 97
    },
    {
      "name": "Caguas",
      "percentageClientsWithService": 99.87,
      "percentageClientsWithoutService": 0.13,
      "totalClients": 250514,
      "totalClientsWithService": 250178,
      "totalClientsWithoutService": 336
    },
    {
      "name": "Mayaguez",
      "percentageClientsWithService": 99.95,
      "percentageClientsWithoutService": 0.05,
      "totalClients": 216605,
      "totalClientsWithService": 216490,
      "totalClientsWithoutService": 115
    },
    {
      "name": "Ponce",
      "percentageClientsWithService": 99.95,
      "percentageClientsWithoutService": 0.05,
      "totalClients": 212508,
      "totalClientsWithService": 212410,
      "totalClientsWithoutService": 98
    },
    {
      "name": "San Juan",
      "percentageClientsWithService": 99.97,
      "percentageClientsWithoutService": 0.03,
      "totalClients": 253068,
      "totalClientsWithService": 252997,
      "totalClientsWithoutService": 71
    }
  ],
  "timestamp": "01/20/2024 02:10 PM",
  "totals": {
    "totalClients": 1468223,
    "totalClientsWithService": 1467288,
    "totalClientsWithoutService": 935,
    "totalPercentageWithService": 99.94,
    "totalPercentageWithoutService": 0.06
  }
}