{
  "regions": [
    {
      "name": "Arecibo",
      "percentageClientsWithService": 99.84,
      "percentageClientsWithoutService": 0.16,
      "totalClients": 177369,
      "totalClientsWithService": 177080,
      "totalClientsWithoutService": 289
    },
    {
      "name": "Bayamon",
      "percentageClientsWithService": 99.99,
      "percentageClientsWithoutService": 0.01,
      "totalClients": 216496,
      "totalClientsWithService": 216483,
      "totalClientsWithoutService": 13
    },
    {
      "name": "Carolina",
      "percentageClientsWithService": 99.94,
      "percentageClientsWithoutService": 0.06,
      "totalClients": 141663,
      "totalClientsWithService": 141579,
      "totalClientsWithoutService": 84
    },
    {
      "name": "Caguas",
      "percentageClientsWithService": 99.93,
      "percentageClientsWithoutService": 0.07,
      "totalClients": 250514,
      "totalClientsWithService": 250350,
      "totalClientsWithoutService": 164
    },
    {
      "name": "Mayaguez",
      "percentageClientsWithService": 99.73,
      "percentageClientsWithoutService": 0.27,
      "totalClients": 216605,
      "totalClientsWithService": 216029,
      "totalClientsWithoutService": 576
    },
    {
      "name": "Ponce",
      "percentageClientsWithService": 98.78,
      "percentageClientsWithoutService": 1.22,
      "totalClients": 212508,
      "totalClientsWithService": 209919,
      "totalClientsWithoutService": 2589
    },
    {
      "name": "San Juan",
      "percentageClientsWithService": 99.98,
      "percentageClientsWithoutService": 0.02,
      "totalClients": 253068,
      "totalClientsWithService": 253028,
      "totalClientsWithoutService": 40
    }
  ],
  "timestamp": "01/20/2024 08:30 AM",
  "totals": {
    "totalClients": 1468223,
    "totalClientsWithService": 1464468,
    "totalClientsWithoutService": 3755,
    "totalPercentageWithService": 99.74,
    "totalPercentageWithoutService": 0.26
  }
}