{
  "regions": [
    {
      "name": "Arecibo",
      "percentageClientsWithService": 99.98,
      "percentageClientsWithoutService": 0.02,
      "totalClients": 177369,
      "totalClientsWithService": 177328,
      "totalClientsWithoutService": 41
    },
    {
      "name": "Bayamon",
      "percentageClientsWithService": 99.95,
      "percentageClientsWithoutService": 0.05,
      "totalClients": 216496,
      "totalClientsWithService": 216383,
      "totalClientsWithoutService": 113
    },
    {
      "name": "Carolina",
      "percentageClientsWithService": 99.96,
      "percentageClientsWithoutService": 0.04,
      "totalClients": 141663,
      "totalClientsWithService": 141608,
      "totalClientsWithoutService": 55
    },
    {
      "name": "Caguas",
      "percentageClientsWithService": 99.96,
      "percentageClientsWithoutService": 0.04,
      "totalClients": 250514,
      "totalClientsWithService": 250425,
      "totalClientsWithoutService": 89
    },
    {
      "name": "Mayaguez",
      "percentageClientsWithService": 99.84,
      "percentageClientsWithoutService": 0.16,
      "totalClients": 216605,
      "totalClientsWithService": 216258,
      "totalClientsWithoutService": 347
    },
    {
      "name": "Ponce",
      "percentageClientsWithService": 99.98,
      "percentageClientsWithoutService": 0.02,
      "totalClients": 212508,
      "totalClientsWithService": 212470,
      "totalClientsWithoutService": 38
    },
    {
      "name": "San Juan",
      "percentageClientsWithService": 99.81,
      "percentageClientsWithoutService": 0.19,
      "totalClients": 253068,
      "totalClientsWithService": 252597,
      "totalClientsWithoutService": 471
    }
  ],
  "timestamp": "01/20/2024 07:20 PM",
  "totals": {
    "totalClients": 1468223,
    "totalClientsWithService": 1467069,
    "totalClientsWithoutService": 1154,
    "totalPercentageWithService": 99.92,
    "totalPercentageWithoutService": 0.08
  }
}