{
  "regions": [
    {
      "name": "Arecibo",
      "percentageClientsWithService": 99.96,
      "percentageClientsWithoutService": 0.04,
      "totalClients": 177369,
      "totalClientsWithService": 177290,
      "totalClientsWithoutService": 79
    },
    {
      "name": "Bayamon",
      "percentageClientsWithService": 99.96,
      "percentageClientsWithoutService": 0.04,
      "totalClients": 216496,
      "totalClientsWithService": 216412,
      "totalClientsWithoutService": 84
    },
    {
      "name": "Carolina",
      "percentageClientsWithService": 99.96,
      "percentageClientsWithoutService": 0.04,
      "totalClients": 141663,
      "totalClientsWithService": 141608,
      "totalClientsWithoutService": 55
    },
    {
      "name": "Caguas",
      "percentageClientsWithService": 99.96,
      "percentageClientsWithoutService": 0.04,
      "totalClients": 250514,
      "totalClientsWithService": 250410,
      "totalClientsWithoutService": 104
    },
    {
      "name": "Mayaguez",
      "percentageClientsWithService": 99.94,
      "percentageClientsWithoutService": 0.06,
      "totalClients": 216605,
      "totalClientsWithService": 216485,
      "totalClientsWithoutService": 120
    },
    {
      "name": "Ponce",
      "percentageClientsWithService": 100.0,
      "percentageClientsWithoutService": 0.0,
      "totalClients": 212508,
      "totalClientsWithService": 212508,
      "totalClientsWithoutService": 0
    },
    {
      "name": "San Juan",
      "percentageClientsWithService": 99.82,
      "percentageClientsWithoutService": 0.18,
      "totalClients": 253068,
      "totalClientsWithService": 252620,
      "totalClientsWithoutService": 448
    }
  ],
  "timestamp": "01/20/2024 05:15 PM",
  "totals": {
    "totalClients": 1468223,
    "totalClientsWithService": 1467333,
    "totalClientsWithoutService": 890,
    "totalPercentageWithService": 99.94,
    "totalPercentageWithoutService": 0.06
  }
}