{
  "regions": [
    {
      "name": "Arecibo",
      "percentageClientsWithService": 99.96,
      "percentageClientsWithoutService": 0.04,
      "totalClients": 177369,
      "totalClientsWithService": 177291,
      "totalClientsWithoutService": 78
    },
    {
      "name": "Bayamon",
      "percentageClientsWithService": 99.95,
      "percentageClientsWithoutService": 0.05,
      "totalClients": 216496,
      "totalClientsWithService": 216397,
      "totalClientsWithoutService": 99
    },
    {
      "name": "Carolina",
      "percentageClientsWithService": 99.93,
      "percentageClientsWithoutService": 0.07,
      "totalClients": 141663,
      "totalClientsWithService": 141569,
      "totalClientsWithoutService": 94
    },
    {
      "name": "Caguas",
      "percentageClientsWithService": 99.87,
      "percentageClientsWithoutService": 0.13,
      "totalClients": 250514,
      "totalClientsWithService": 250184,
      "totalClientsWithoutService": 330
    },
    {
      "name": "Mayaguez",
      "percentageClientsWithService": 99.94,
      "percentageClientsWithoutService": 0.06,
      "totalClients": 216605,
      "totalClientsWithService": 216483,
      "totalClientsWithoutService": 122
    },
    {
      "name": "Ponce",
      "percentageClientsWithService": 100.0,
      "percentageClientsWithoutService": 0.0,
      "totalClients": 212508,
      "totalClientsWithService": 212502,
      "totalClientsWithoutService": 6
    },
    {
      "name": "San Juan",
      "percentageClientsWithService": 99.97,
      "percentageClientsWithoutService": 0.03,
      "totalClients": 253068,
      "totalClientsWithService": 252997,
      "totalClientsWithoutService": 71
    }
  ],
  "timestamp": "01/20/2024 03:00 PM",
  "totals": {
    "totalClients": 1468223,
    "totalClientsWithService": 1467423,
    "totalClientsWithoutService": 800,
    "totalPercentageWithService": 99.95,
    "totalPercentageWithoutService": 0.05
  }
}