{
  "regions": [
    {
      "name": "Arecibo",
      "percentageClientsWithService": 99.78,
      "percentageClientsWithoutService": 0.22,
      "totalClients": 177369,
      "totalClientsWithService": 176987,
      "totalClientsWithoutService": 382
    },
    {
      "name": "Bayamon",
      "percentageClientsWithService": 99.89,
      "percentageClientsWithoutService": 0.11,
      "totalClients": 216496,
      "totalClientsWithService": 216260,
      "totalClientsWithoutService": 236
    },
    {
      "name": "Carolina",
      "percentageClientsWithService": 99.94,
      "percentageClientsWithoutService": 0.06,
      "totalClients": 141663,
      "totalClientsWithService": 141576,
      "totalClientsWithoutService": 87
    },
    {
      "name": "Caguas",
      "percentageClientsWithService": 99.95,
      "percentageClientsWithoutService": 0.05,
      "totalClients": 250514,
      "totalClientsWithService": 250393,
      "totalClientsWithoutService": 121
    },
    {
      "name": "Mayaguez",
      "percentageClientsWithService": 99.9,
      "percentageClientsWithoutService": 0.1,
      "totalClients": 216605,
      "totalClientsWithService": 216398,
      "totalClientsWithoutService": 207
    },
    {
      "name": "Ponce",
      "percentageClientsWithService": 98.75,
      "percentageClientsWithoutService": 1.25,
      "totalClients": 212508,
      "totalClientsWithService": 209847,
      "totalClientsWithoutService": 2661
    },
    {
      "name": "San Juan",
      "percentageClientsWithService": 99.93,
      "percentageClientsWithoutService": 0.07,
      "totalClients": 253068,
      "totalClientsWithService": 252895,
      "totalClientsWithoutService": 173
    }
  ],
  "timestamp": "01/20/2024 11:20 AM",
  "totals": {
    "totalClients": 1468223,
    "totalClientsWithService": 1464356,
    "totalClientsWithoutService": 3867,
    "totalPercentageWithService": 99.74,
    "totalPercentageWithoutService": 0.26
  }
}