{
  "regions": [
    {
      "name": "Arecibo",
      "percentageClientsWithService": 99.94,
      "percentageClientsWithoutService": 0.06,
      "totalClients": 177369,
      "totalClientsWithService": 177254,
      "totalClientsWithoutService": 115
    },
    {
      "name": "Bayamon",
      "percentageClientsWithService": 99.92,
      "percentageClientsWithoutService": 0.08,
      "totalClients": 216496,
      "totalClientsWithService": 216319,
      "totalClientsWithoutService": 177
    },
    {
      "name": "Carolina",
      "percentageClientsWithService": 99.93,
      "percentageClientsWithoutService": 0.07,
      "totalClients": 141663,
      "totalClientsWithService": 141568,
      "totalClientsWithoutService": 95
    },
    {
      "name": "Caguas",
      "percentageClientsWithService": 99.86,
      "percentageClientsWithoutService": 0.14,
      "totalClients": 250514,
      "totalClientsWithService": 250160,
      "totalClientsWithoutService": 354
    },
    {
      "name": "Mayaguez",
      "percentageClientsWithService": 99.95,
      "percentageClientsWithoutService": 0.05,
      "totalClients": 216605,
      "totalClientsWithService": 216490,
      "totalClientsWithoutService": 115
    },
    {
      "name": "Ponce",
      "percentageClientsWithService": 99.96,
      "percentageClientsWithoutService": 0.04,
      "totalClients": 212508,
      "totalClientsWithService": 212413,
      "totalClientsWithoutService": 95
    },
    {
      "name": "San Juan",
      "percentageClientsWithService": 99.94,
      "percentageClientsWithoutService": 0.06,
      "totalClients": 253068,
      "totalClientsWithService": 252919,
      "totalClientsWithoutService": 149
    }
  ],
  "timestamp": "01/20/2024 01:50 PM",
  "totals": {
    "totalClients": 1468223,
    "totalClientsWithService": 1467123,
    "totalClientsWithoutService": 1100,
    "totalPercentageWithService": 99.93,
    "totalPercentageWithoutService": 0.07
  }
}