{
  "regions": [
    {
      "name": "Arecibo",
      "percentageClientsWithService": 99.79,
      "percentageClientsWithoutService": 0.21,
      "totalClients": 177369,
      "totalClientsWithService": 176989,
      "totalClientsWithoutService": 380
    },
    {
      "name": "Bayamon",
      "percentageClientsWithService": 99.92,
      "percentageClientsWithoutService": 0.08,
      "totalClients": 216496,
      "totalClientsWithService": 216322,
      "totalClientsWithoutService": 174
    },
    {
      "name": "Carolina",
      "percentageClientsWithService": 99.96,
      "percentageClientsWithoutService": 0.04,
      "totalClients": 141663,
      "totalClientsWithService": 141612,
      "totalClientsWithoutService": 51
    },
    {
      "name": "Caguas",
      "percentageClientsWithService": 99.97,
      "percentageClientsWithoutService": 0.03,
      "totalClients": 250514,
      "totalClientsWithService": 250431,
      "totalClientsWithoutService": 83
    },
    {
      "name": "Mayaguez",
      "percentageClientsWithService": 99.91,
      "percentageClientsWithoutService": 0.09,
      "totalClients": 216605,
      "totalClientsWithService": 216400,
      "totalClientsWithoutService": 205
    },
    {
      "name": "Ponce",
      "percentageClientsWithService": 98.75,
      "percentageClientsWithoutService": 1.25,
      "totalClients": 212508,
      "totalClientsWithService": 209857,
      "totalClientsWithoutService": 2651
    },
    {
      "name": "San Juan",
      "percentageClientsWithService": 99.96,
      "percentageClientsWithoutService": 0.04,
      "totalClients": 253068,
      "totalClientsWithService": 252958,
      "totalClientsWithoutService": 110
    }
  ],
  "timestamp": "01/20/2024 09:50 AM",
  "totals": {
    "totalClients": 1468223,
    "totalClientsWithService": 1464569,
    "totalClientsWithoutService": 3654,
    "totalPercentageWithService": 99.75,
    "totalPercentageWithoutService": 0.25
  }
}