{
  "regions": [
    {
      "name": "Arecibo",
      "percentageClientsWithService": 99.97,
      "percentageClientsWithoutService": 0.03,
      "totalClients": 177369,
      "totalClientsWithService": 177311,
      "totalClientsWithoutService": 58
    },
    {
      "name": "Bayamon",
      "percentageClientsWithService": 99.96,
      "percentageClientsWithoutService": 0.04,
      "totalClients": 216496,
      "totalClientsWithService": 216400,
      "totalClientsWithoutService": 96
    },
    {
      "name": "Carolina",
      "percentageClientsWithService": 99.94,
      "percentageClientsWithoutService": 0.06,
      "totalClients": 141663,
      "totalClientsWithService": 141577,
      "totalClientsWithoutService": 86
    },
    {
      "name": "Caguas",
      "percentageClientsWithService": 99.96,
      "percentageClientsWithoutService": 0.04,
      "totalClients": 250514,
      "totalClientsWithService": 250406,
      "totalClientsWithoutService": 108
    },
    {
      "name": "Mayaguez",
      "percentageClientsWithService": 99.95,
      "percentageClientsWithoutService": 0.05,
      "totalClients": 216605,
      "totalClientsWithService": 216490,
      "totalClientsWithoutService": 115
    },
    {
      "name": "Ponce",
      "percentageClientsWithService": 100.0,
      "percentageClientsWithoutService": 0.0,
      "totalClients": 212508,
      "totalClientsWithService": 212508,
      "totalClientsWithoutService": 0
    },
    {
      "name": "San Juan",
      "percentageClientsWithService": 99.82,
      "percentageClientsWithoutService": 0.18,
      "totalClients": 253068,
      "totalClientsWithService": 252605,
      "totalClientsWithoutService": 463
    }
  ],
  "timestamp": "01/20/2024 04:20 PM",
  "totals": {
    "totalClients": 1468223,
    "totalClientsWithService": 1467297,
    "totalClientsWithoutService": 926,
    "totalPercentageWithService": 99.94,
    "totalPercentageWithoutService": 0.06
  }
}