{
  "regions": [
    {
      "name": "Arecibo",
      "percentageClientsWithService": 99.92,
      "percentageClientsWithoutService": 0.08,
      "totalClients": 177369,
      "totalClientsWithService": 177219,
      "totalClientsWithoutService": 150
    },
    {
      "name": "Bayamon",
      "percentageClientsWithService": 99.99,
      "percentageClientsWithoutService": 0.01,
      "totalClients": 216496,
      "totalClientsWithService": 216483,
      "totalClientsWithoutService": 13
    },
    {
      "name": "Carolina",
      "percentageClientsWithService": 99.98,
      "percentageClientsWithoutService": 0.02,
      "totalClients": 141663,
      "totalClientsWithService": 141632,
      "totalClientsWithoutService": 31
    },
    {
      "name": "Caguas",
      "percentageClientsWithService": 100.0,
      "percentageClientsWithoutService": 0.0,
      "totalClients": 250514,
      "totalClientsWithService": 250513,
      "totalClientsWithoutService": 1
    },
    {
      "name": "Mayaguez",
      "percentageClientsWithService": 99.63,
      "percentageClientsWithoutService": 0.37,
      "totalClients": 216605,
      "totalClientsWithService": 215806,
      "totalClientsWithoutService": 799
    },
    {
      "name": "Ponce",
      "percentageClientsWithService": 100.0,
      "percentageClientsWithoutService": 0.0,
      "totalClients": 212508,
      "totalClientsWithService": 212507,
      "totalClientsWithoutService": 1
    },
    {
      "name": "San Juan",
      "percentageClientsWithService": 100.0,
      "percentageClientsWithoutService": 0.0,
      "totalClients": 253068,
      "totalClientsWithService": 253063,
      "totalClientsWithoutService": 5
    }
  ],
  "timestamp": "01/20/2024 01:10 AM",
  "totals": {
    "totalClients": 1468223,
    "totalClientsWithService": 1467223,
    "totalClientsWithoutService": 1000,
    "totalPercentageWithService": 99.93,
    "totalPercentageWithoutService": 0.07
  }
}