{
  "regions": [
    {
      "name": "Arecibo",
      "percentageClientsWithService": 99.98,
      "percentageClientsWithoutService": 0.02,
      "totalClients": 177369,
      "totalClientsWithService": 177326,
      "totalClientsWithoutService": 43
    },
    {
      "name": "Bayamon",
      "percentageClientsWithService": 99.95,
      "percentageClientsWithoutService": 0.05,
      "totalClients": 216496,
      "totalClientsWithService": 216382,
      "totalClientsWithoutService": 114
    },
    {
      "name": "Carolina",
      "percentageClientsWithService": 99.96,
      "percentageClientsWithoutService": 0.04,
      "totalClients": 141663,
      "totalClientsWithService": 141607,
      "totalClientsWithoutService": 56
    },
    {
      "name": "Caguas",
      "percentageClientsWithService": 99.88,
      "percentageClientsWithoutService": 0.12,
      "totalClients": 250514,
      "totalClientsWithService": 250221,
      "totalClientsWithoutService": 293
    },
    {
      "name": "Mayaguez",
      "percentageClientsWithService": 100.0,
      "percentageClientsWithoutService": 0.0,
      "totalClients": 216605,
      "totalClientsWithService": 216605,
      "totalClientsWithoutService": 0
    },
    {
      "name": "Ponce",
      "percentageClientsWithService": 99.98,
      "percentageClientsWithoutService": 0.02,
      "totalClients": 212508,
      "totalClientsWithService": 212468,
      "totalClientsWithoutService": 40
    },
    {
      "name": "San Juan",
      "percentageClientsWithService": 99.86,
      "percentageClientsWithoutService": 0.14,
      "totalClients": 253068,
      "totalClientsWithService": 252719,
      "totalClientsWithoutService": 349
    }
  ],
  "timestamp": "01/20/2024 09:10 PM",
  "totals": {
    "totalClients": 1468223,
    "totalClientsWithService": 1467328,
    "totalClientsWithoutService": 895,
    "totalPercentageWithService": 99.94,
    "totalPercentageWithoutService": 0.06
  }
}