{
  "regions": [
    {
      "name": "Arecibo",
      "percentageClientsWithService": 99.94,
      "percentageClientsWithoutService": 0.06,
      "totalClients": 177369,
      "totalClientsWithService": 177256,
      "totalClientsWithoutService": 113
    },
    {
      "name": "Bayamon",
      "percentageClientsWithService": 99.95,
      "percentageClientsWithoutService": 0.05,
      "totalClients": 216496,
      "totalClientsWithService": 216397,
      "totalClientsWithoutService": 99
    },
    {
      "name": "Carolina",
      "percentageClientsWithService": 99.93,
      "percentageClientsWithoutService": 0.07,
      "totalClients": 141663,
      "totalClientsWithService": 141570,
      "totalClientsWithoutService": 93
    },
    {
      "name": "Caguas",
      "percentageClientsWithService": 99.86,
      "percentageClientsWithoutService": 0.14,
      "totalClients": 250514,
      "totalClientsWithService": 250168,
      "totalClientsWithoutService": 346
    },
    {
      "name": "Mayaguez",
      "percentageClientsWithService": 99.94,
      "percentageClientsWithoutService": 0.06,
      "totalClients": 216605,
      "totalClientsWithService": 216483,
      "totalClientsWithoutService": 122
    },
    {
      "name": "Ponce",
      "percentageClientsWithService": 100.0,
      "percentageClientsWithoutService": 0.0,
      "totalClients": 212508,
      "totalClientsWithService": 212501,
      "totalClientsWithoutService": 7
    },
    {
      "name": "San Juan",
      "percentageClientsWithService": 99.97,
      "percentageClientsWithoutService": 0.03,
      "totalClients": 253068,
      "totalClientsWithService": 252997,
      "totalClientsWithoutService": 71
    }
  ],
  "timestamp": "01/20/2024 02:50 PM",
  "totals": {
    "totalClients": 1468223,
    "totalClientsWithService": 1467372,
    "totalClientsWithoutService": 851,
    "totalPercentageWithService": 99.94,
    "totalPercentageWithoutService": 0.06
  }
}