{
  "regions": [
    {
      "name": "Arecibo",
      "percentageClientsWithService": 99.97,
      "percentageClientsWithoutService": 0.03,
      "totalClients": 177369,
      "totalClientsWithService": 177310,
      "totalClientsWithoutService": 59
    },
    {
      "name": "Bayamon",
      "percentageClientsWithService": 99.94,
      "percentageClientsWithoutService": 0.06,
      "totalClients": 216496,
      "totalClientsWithService": 216373,
      "totalClientsWithoutService": 123
    },
    {
      "name": "Carolina",
      "percentageClientsWithService": 99.94,
      "percentageClientsWithoutService": 0.06,
      "totalClients": 141663,
      "totalClientsWithService": 141577,
      "totalClientsWithoutService": 86
    },
    {
      "name": "Caguas",
      "percentageClientsWithService": 99.96,
      "percentageClientsWithoutService": 0.04,
      "totalClients": 250514,
      "totalClientsWithService": 250406,
      "totalClientsWithoutService": 108
    },
    {
      "name": "Mayaguez",
      "percentageClientsWithService": 99.95,
      "percentageClientsWithoutService": 0.05,
      "totalClients": 216605,
      "totalClientsWithService": 216491,
      "totalClientsWithoutService": 114
    },
    {
      "name": "Ponce",
      "percentageClientsWithService": 100.0,
      "percentageClientsWithoutService": 0.0,
      "totalClients": 212508,
      "totalClientsWithService": 212508,
      "totalClientsWithoutService": 0
    },
    {
      "name": "San Juan",
      "percentageClientsWithService": 99.89,
      "percentageClientsWithoutService": 0.11,
      "totalClients": 253068,
      "totalClientsWithService": 252801,
      "totalClientsWithoutService": 267
    }
  ],
  "timestamp": "01/20/2024 04:15 PM",
  "totals": {
    "totalClients": 1468223,
    "totalClientsWithService": 1467466,
    "totalClientsWithoutService": 757,
    "totalPercentageWithService": 99.95,
    "totalPercentageWithoutService": 0.05
  }
}