{
  "regions": [
    {
      "name": "Arecibo",
      "percentageClientsWithService": 99.61,
      "percentageClientsWithoutService": 0.39,
      "totalClients": 177369,
      "totalClientsWithService": 176671,
      "totalClientsWithoutService": 698
    },
    {
      "name": "Bayamon",
      "percentageClientsWithService": 99.98,
      "percentageClientsWithoutService": 0.02,
      "totalClients": 216496,
      "totalClientsWithService": 216456,
      "totalClientsWithoutService": 40
    },
    {
      "name": "Carolina",
      "percentageClientsWithService": 99.94,
      "percentageClientsWithoutService": 0.06,
      "totalClients": 141663,
      "totalClientsWithService": 141579,
      "totalClientsWithoutService": 84
    },
    {
      "name": "Caguas",
      "percentageClientsWithService": 99.96,
      "percentageClientsWithoutService": 0.04,
      "totalClients": 250514,
      "totalClientsWithService": 250415,
      "totalClientsWithoutService": 99
    },
    {
      "name": "Mayaguez",
      "percentageClientsWithService": 99.73,
      "percentageClientsWithoutService": 0.27,
      "totalClients": 216605,
      "totalClientsWithService": 216027,
      "totalClientsWithoutService": 578
    },
    {
      "name": "Ponce",
      "percentageClientsWithService": 98.76,
      "percentageClientsWithoutService": 1.24,
      "totalClients": 212508,
      "totalClientsWithService": 209869,
      "totalClientsWithoutService": 2639
    },
    {
      "name": "San Juan",
      "percentageClientsWithService": 99.95,
      "percentageClientsWithoutService": 0.05,
      "totalClients": 253068,
      "totalClientsWithService": 252950,
      "totalClientsWithoutService": 118
    }
  ],
  "timestamp": "01/20/2024 08:50 AM",
  "totals": {
    "totalClients": 1468223,
    "totalClientsWithService": 1463967,
    "totalClientsWithoutService": 4256,
    "totalPercentageWithService": 99.71,
    "totalPercentageWithoutService": 0.29
  }
}