{
  "regions": [
    {
      "name": "Arecibo",
      "percentageClientsWithService": 99.97,
      "percentageClientsWithoutService": 0.03,
      "totalClients": 177369,
      "totalClientsWithService": 177312,
      "totalClientsWithoutService": 57
    },
    {
      "name": "Bayamon",
      "percentageClientsWithService": 99.97,
      "percentageClientsWithoutService": 0.03,
      "totalClients": 216496,
      "totalClientsWithService": 216435,
      "totalClientsWithoutService": 61
    },
    {
      "name": "Carolina",
      "percentageClientsWithService": 99.96,
      "percentageClientsWithoutService": 0.04,
      "totalClients": 141663,
      "totalClientsWithService": 141607,
      "totalClientsWithoutService": 56
    },
    {
      "name": "Caguas",
      "percentageClientsWithService": 99.96,
      "percentageClientsWithoutService": 0.04,
      "totalClients": 250514,
      "totalClientsWithService": 250415,
      "totalClientsWithoutService": 99
    },
    {
      "name": "Mayaguez",
      "percentageClientsWithService": 99.94,
      "percentageClientsWithoutService": 0.06,
      "totalClients": 216605,
      "totalClientsWithService": 216469,
      "totalClientsWithoutService": 136
    },
    {
      "name": "Ponce",
      "percentageClientsWithService": 100.0,
      "percentageClientsWithoutService": 0.0,
      "totalClients": 212508,
      "totalClientsWithService": 212507,
      "totalClientsWithoutService": 1
    },
    {
      "name": "San Juan",
      "percentageClientsWithService": 99.81,
      "percentageClientsWithoutService": 0.19,
      "totalClients": 253068,
      "totalClientsWithService": 252596,
      "totalClientsWithoutService": 472
    }
  ],
  "timestamp": "01/20/2024 06:20 PM",
  "totals": {
    "totalClients": 1468223,
    "totalClientsWithService": 1467341,
    "totalClientsWithoutService": 882,
    "totalPercentageWithService": 99.94,
    "totalPercentageWithoutService": 0.06
  }
}