{
  "regions": [
    {
      "name": "Arecibo",
      "percentageClientsWithService": 99.94,
      "percentageClientsWithoutService": 0.06,
      "totalClients": 177369,
      "totalClientsWithService": 177254,
      "totalClientsWithoutService": 115
    },
    {
      "name": "Bayamon",
      "percentageClientsWithService": 99.92,
      "percentageClientsWithoutService": 0.08,
      "totalClients": 216496,
      "totalClientsWithService": 216317,
      "totalClientsWithoutService": 179
    },
    {
      "name": "Carolina",
      "percentageClientsWithService": 99.93,
      "percentageClientsWithoutService": 0.07,
      "totalClients": 141663,
      "totalClientsWithService": 141567,
      "totalClientsWithoutService": 96
    },
    {
      "name": "Caguas",
      "percentageClientsWithService": 99.86,
      "percentageClientsWithoutService": 0.14,
      "totalClients": 250514,
      "totalClientsWithService": 250154,
      "totalClientsWithoutService": 360
    },
    {
      "name": "Mayaguez",
      "percentageClientsWithService": 99.95,
      "percentageClientsWithoutService": 0.05,
      "totalClients": 216605,
      "totalClientsWithService": 216489,
      "totalClientsWithoutService": 116
    },
    {
      "name": "Ponce",
      "percentageClientsWithService": 99.95,
      "percentageClientsWithoutService": 0.05,
      "totalClients": 212508,
      "totalClientsWithService": 212412,
      "totalClientsWithoutService": 96
    },
    {
      "name": "San Juan",
      "percentageClientsWithService": 99.95,
      "percentageClientsWithoutService": 0.05,
      "totalClients": 253068,
      "totalClientsWithService": 252947,
      "totalClientsWithoutService": 121
    }
  ],
  "timestamp": "01/20/2024 01:40 PM",
  "totals": {
    "totalClients": 1468223,
    "totalClientsWithService": 1467140,
    "totalClientsWithoutService": 1083,
    "totalPercentageWithService": 99.93,
    "totalPercentageWithoutService": 0.07
  }
}