{
  "regions": [
    {
      "name": "Arecibo",
      "percentageClientsWithService": 99.58,
      "percentageClientsWithoutService": 0.42,
      "totalClients": 177369,
      "totalClientsWithService": 176622,
      "totalClientsWithoutService": 747
    },
    {
      "name": "Bayamon",
      "percentageClientsWithService": 99.98,
      "percentageClientsWithoutService": 0.02,
      "totalClients": 216496,
      "totalClientsWithService": 216449,
      "totalClientsWithoutService": 47
    },
    {
      "name": "Carolina",
      "percentageClientsWithService": 99.94,
      "percentageClientsWithoutService": 0.06,
      "totalClients": 141663,
      "totalClientsWithService": 141578,
      "totalClientsWithoutService": 85
    },
    {
      "name": "Caguas",
      "percentageClientsWithService": 99.96,
      "percentageClientsWithoutService": 0.04,
      "totalClients": 250514,
      "totalClientsWithService": 250415,
      "totalClientsWithoutService": 99
    },
    {
      "name": "Mayaguez",
      "percentageClientsWithService": 99.73,
      "percentageClientsWithoutService": 0.27,
      "totalClients": 216605,
      "totalClientsWithService": 216027,
      "totalClientsWithoutService": 578
    },
    {
      "name": "Ponce",
      "percentageClientsWithService": 98.76,
      "percentageClientsWithoutService": 1.24,
      "totalClients": 212508,
      "totalClientsWithService": 209867,
      "totalClientsWithoutService": 2641
    },
    {
      "name": "San Juan",
      "percentageClientsWithService": 99.96,
      "percentageClientsWithoutService": 0.04,
      "totalClients": 253068,
      "totalClientsWithService": 252970,
      "totalClientsWithoutService": 98
    }
  ],
  "timestamp": "01/20/2024 08:55 AM",
  "totals": {
    "totalClients": 1468223,
    "totalClientsWithService": 1463928,
    "totalClientsWithoutService": 4295,
    "totalPercentageWithService": 99.71,
    "totalPercentageWithoutService": 0.29
  }
}