{
  "regions": [
    {
      "name": "Arecibo",
      "percentageClientsWithService": 99.87,
      "percentageClientsWithoutService": 0.13,
      "totalClients": 177369,
      "totalClientsWithService": 177137,
      "totalClientsWithoutService": 232
    },
    {
      "name": "Bayamon",
      "percentageClientsWithService": 99.91,
      "percentageClientsWithoutService": 0.09,
      "totalClients": 216496,
      "totalClientsWithService": 216295,
      "totalClientsWithoutService": 201
    },
    {
      "name": "Carolina",
      "percentageClientsWithService": 99.94,
      "percentageClientsWithoutService": 0.06,
      "totalClients": 141663,
      "totalClientsWithService": 141576,
      "totalClientsWithoutService": 87
    },
    {
      "name": "Caguas",
      "percentageClientsWithService": 99.96,
      "percentageClientsWithoutService": 0.04,
      "totalClients": 250514,
      "totalClientsWithService": 250415,
      "totalClientsWithoutService": 99
    },
    {
      "name": "Mayaguez",
      "percentageClientsWithService": 99.9,
      "percentageClientsWithoutService": 0.1,
      "totalClients": 216605,
      "totalClientsWithService": 216399,
      "totalClientsWithoutService": 206
    },
    {
      "name": "Ponce",
      "percentageClientsWithService": 98.75,
      "percentageClientsWithoutService": 1.25,
      "totalClients": 212508,
      "totalClientsWithService": 209848,
      "totalClientsWithoutService": 2660
    },
    {
      "name": "San Juan",
      "percentageClientsWithService": 99.94,
      "percentageClientsWithoutService": 0.06,
      "totalClients": 253068,
      "totalClientsWithService": 252916,
      "totalClientsWithoutService": 152
    }
  ],
  "timestamp": "01/20/2024 10:45 AM",
  "totals": {
    "totalClients": 1468223,
    "totalClientsWithService": 1464586,
    "totalClientsWithoutService": 3637,
    "totalPercentageWithService": 99.75,
    "totalPercentageWithoutService": 0.25
  }
}