{
  "regions": [
    {
      "name": "Arecibo",
      "percentageClientsWithService": 99.98,
      "percentageClientsWithoutService": 0.02,
      "totalClients": 177369,
      "totalClientsWithService": 177332,
      "totalClientsWithoutService": 37
    },
    {
      "name": "Bayamon",
      "percentageClientsWithService": 99.96,
      "percentageClientsWithoutService": 0.04,
      "totalClients": 216496,
      "totalClientsWithService": 216412,
      "totalClientsWithoutService": 84
    },
    {
      "name": "Carolina",
      "percentageClientsWithService": 99.94,
      "percentageClientsWithoutService": 0.06,
      "totalClients": 141663,
      "totalClientsWithService": 141576,
      "totalClientsWithoutService": 87
    },
    {
      "name": "Caguas",
      "percentageClientsWithService": 99.96,
      "percentageClientsWithoutService": 0.04,
      "totalClients": 250514,
      "totalClientsWithService": 250422,
      "totalClientsWithoutService": 92
    },
    {
      "name": "Mayaguez",
      "percentageClientsWithService": 99.95,
      "percentageClientsWithoutService": 0.05,
      "totalClients": 216605,
      "totalClientsWithService": 216491,
      "totalClientsWithoutService": 114
    },
    {
      "name": "Ponce",
      "percentageClientsWithService": 100.0,
      "percentageClientsWithoutService": 0.0,
      "totalClients": 212508,
      "totalClientsWithService": 212503,
      "totalClientsWithoutService": 5
    },
    {
      "name": "San Juan",
      "percentageClientsWithService": 99.82,
      "percentageClientsWithoutService": 0.18,
      "totalClients": 253068,
      "totalClientsWithService": 252603,
      "totalClientsWithoutService": 465
    }
  ],
  "timestamp": "01/20/2024 04:50 PM",
  "totals": {
    "totalClients": 1468223,
    "totalClientsWithService": 1467339,
    "totalClientsWithoutService": 884,
    "totalPercentageWithService": 99.94,
    "totalPercentageWithoutService": 0.06
  }
}