{
  "regions": [
    {
      "name": "Arecibo",
      "percentageClientsWithService": 99.95,
      "percentageClientsWithoutService": 0.05,
      "totalClients": 177369,
      "totalClientsWithService": 177272,
      "totalClientsWithoutService": 97
    },
    {
      "name": "Bayamon",
      "percentageClientsWithService": 99.94,
      "percentageClientsWithoutService": 0.06,
      "totalClients": 216496,
      "totalClientsWithService": 216359,
      "totalClientsWithoutService": 137
    },
    {
      "name": "Carolina",
      "percentageClientsWithService": 99.94,
      "percentageClientsWithoutService": 0.06,
      "totalClients": 141663,
      "totalClientsWithService": 141576,
      "totalClientsWithoutService": 87
    },
    {
      "name": "Caguas",
      "percentageClientsWithService": 99.88,
      "percentageClientsWithoutService": 0.12,
      "totalClients": 250514,
      "totalClientsWithService": 250204,
      "totalClientsWithoutService": 310
    },
    {
      "name": "Mayaguez",
      "percentageClientsWithService": 99.95,
      "percentageClientsWithoutService": 0.05,
      "totalClients": 216605,
      "totalClientsWithService": 216490,
      "totalClientsWithoutService": 115
    },
    {
      "name": "Ponce",
      "percentageClientsWithService": 100.0,
      "percentageClientsWithoutService": 0.0,
      "totalClients": 212508,
      "totalClientsWithService": 212508,
      "totalClientsWithoutService": 0
    },
    {
      "name": "San Juan",
      "percentageClientsWithService": 99.89,
      "percentageClientsWithoutService": 0.11,
      "totalClients": 253068,
      "totalClientsWithService": 252801,
      "totalClientsWithoutService": 267
    }
  ],
  "timestamp": "01/20/2024 03:55 PM",
  "totals": {
    "totalClients": 1468223,
    "totalClientsWithService": 1467210,
    "totalClientsWithoutService": 1013,
    "totalPercentageWithService": 99.93,
    "totalPercentageWithoutService": 0.07
  }
}