{
  "regions": [
    {
      "name": "Arecibo",
      "percentageClientsWithService": 99.8,
      "percentageClientsWithoutService": 0.2,
      "totalClients": 177369,
      "totalClientsWithService": 177013,
      "totalClientsWithoutService": 356
    },
    {
      "name": "Bayamon",
      "percentageClientsWithService": 99.95,
      "percentageClientsWithoutService": 0.05,
      "totalClients": 216496,
      "totalClientsWithService": 216382,
      "totalClientsWithoutService": 114
    },
    {
      "name": "Carolina",
      "percentageClientsWithService": 99.96,
      "percentageClientsWithoutService": 0.04,
      "totalClients": 141663,
      "totalClientsWithService": 141611,
      "totalClientsWithoutService": 52
    },
    {
      "name": "Caguas",
      "percentageClientsWithService": 99.97,
      "percentageClientsWithoutService": 0.03,
      "totalClients": 250514,
      "totalClientsWithService": 250430,
      "totalClientsWithoutService": 84
    },
    {
      "name": "Mayaguez",
      "percentageClientsWithService": 99.73,
      "percentageClientsWithoutService": 0.27,
      "totalClients": 216605,
      "totalClientsWithService": 216025,
      "totalClientsWithoutService": 580
    },
    {
      "name": "Ponce",
      "percentageClientsWithService": 98.76,
      "percentageClientsWithoutService": 1.24,
      "totalClients": 212508,
      "totalClientsWithService": 209871,
      "totalClientsWithoutService": 2637
    },
    {
      "name": "San Juan",
      "percentageClientsWithService": 99.96,
      "percentageClientsWithoutService": 0.04,
      "totalClients": 253068,
      "totalClientsWithService": 252959,
      "totalClientsWithoutService": 109
    }
  ],
  "timestamp": "01/20/2024 09:40 AM",
  "totals": {
    "totalClients": 1468223,
    "totalClientsWithService": 1464291,
    "totalClientsWithoutService": 3932,
    "totalPercentageWithService": 99.73,
    "totalPercentageWithoutService": 0.27
  }
}