{
  "regions": [
    {
      "name": "Arecibo",
      "percentageClientsWithService": 99.92,
      "percentageClientsWithoutService": 0.08,
      "totalClients": 177369,
      "totalClientsWithService": 177219,
      "totalClientsWithoutService": 150
    },
    {
      "name": "Bayamon",
      "percentageClientsWithService": 99.99,
      "percentageClientsWithoutService": 0.01,
      "totalClients": 216496,
      "totalClientsWithService": 216483,
      "totalClientsWithoutService": 13
    },
    {
      "name": "Carolina",
      "percentageClientsWithService": 99.97,
      "percentageClientsWithoutService": 0.03,
      "totalClients": 141663,
      "totalClientsWithService": 141614,
      "totalClientsWithoutService": 49
    },
    {
      "name": "Caguas",
      "percentageClientsWithService": 100.0,
      "percentageClientsWithoutService": 0.0,
      "totalClients": 250514,
      "totalClientsWithService": 250504,
      "totalClientsWithoutService": 10
    },
    {
      "name": "Mayaguez",
      "percentageClientsWithService": 99.95,
      "percentageClientsWithoutService": 0.05,
      "totalClients": 216605,
      "totalClientsWithService": 216505,
      "totalClientsWithoutService": 100
    },
    {
      "name": "Ponce",
      "percentageClientsWithService": 100.0,
      "percentageClientsWithoutService": 0.0,
      "totalClients": 212508,
      "totalClientsWithService": 212506,
      "totalClientsWithoutService": 2
    },
    {
      "name": "San Juan",
      "percentageClientsWithService": 100.0,
      "percentageClientsWithoutService": 0.0,
      "totalClients": 253068,
      "totalClientsWithService": 253063,
      "totalClientsWithoutService": 5
    }
  ],
  "timestamp": "01/20/2024 05:45 AM",
  "totals": {
    "totalClients": 1468223,
    "totalClientsWithService": 1467894,
    "totalClientsWithoutService": 329,
    "totalPercentageWithService": 99.98,
    "totalPercentageWithoutService": 0.02
  }
}