{
  "regions": [
    {
      "name": "Arecibo",
      "percentageClientsWithService": 99.94,
      "percentageClientsWithoutService": 0.06,
      "totalClients": 177369,
      "totalClientsWithService": 177261,
      "totalClientsWithoutService": 108
    },
    {
      "name": "Bayamon",
      "percentageClientsWithService": 99.95,
      "percentageClientsWithoutService": 0.05,
      "totalClients": 216496,
      "totalClientsWithService": 216397,
      "totalClientsWithoutService": 99
    },
    {
      "name": "Carolina",
      "percentageClientsWithService": 99.93,
      "percentageClientsWithoutService": 0.07,
      "totalClients": 141663,
      "totalClientsWithService": 141557,
      "totalClientsWithoutService": 106
    },
    {
      "name": "Caguas",
      "percentageClientsWithService": 99.86,
      "percentageClientsWithoutService": 0.14,
      "totalClients": 250514,
      "totalClientsWithService": 250175,
      "totalClientsWithoutService": 339
    },
    {
      "name": "Mayaguez",
      "percentageClientsWithService": 99.94,
      "percentageClientsWithoutService": 0.06,
      "totalClients": 216605,
      "totalClientsWithService": 216483,
      "totalClientsWithoutService": 122
    },
    {
      "name": "Ponce",
      "percentageClientsWithService": 99.95,
      "percentageClientsWithoutService": 0.05,
      "totalClients": 212508,
      "totalClientsWithService": 212410,
      "totalClientsWithoutService": 98
    },
    {
      "name": "San Juan",
      "percentageClientsWithService": 99.97,
      "percentageClientsWithoutService": 0.03,
      "totalClients": 253068,
      "totalClientsWithService": 252998,
      "totalClientsWithoutService": 70
    }
  ],
  "timestamp": "01/20/2024 02:20 PM",
  "totals": {
    "totalClients": 1468223,
    "totalClientsWithService": 1467281,
    "totalClientsWithoutService": 942,
    "totalPercentageWithService": 99.94,
    "totalPercentageWithoutService": 0.06
  }
}