{
  "regions": [
    {
      "name": "Arecibo",
      "percentageClientsWithService": 99.73,
      "percentageClientsWithoutService": 0.27,
      "totalClients": 177369,
      "totalClientsWithService": 176890,
      "totalClientsWithoutService": 479
    },
    {
      "name": "Bayamon",
      "percentageClientsWithService": 99.91,
      "percentageClientsWithoutService": 0.09,
      "totalClients": 216496,
      "totalClientsWithService": 216295,
      "totalClientsWithoutService": 201
    },
    {
      "name": "Carolina",
      "percentageClientsWithService": 99.93,
      "percentageClientsWithoutService": 0.07,
      "totalClients": 141663,
      "totalClientsWithService": 141569,
      "totalClientsWithoutService": 94
    },
    {
      "name": "Caguas",
      "percentageClientsWithService": 99.87,
      "percentageClientsWithoutService": 0.13,
      "totalClients": 250514,
      "totalClientsWithService": 250179,
      "totalClientsWithoutService": 335
    },
    {
      "name": "Mayaguez",
      "percentageClientsWithService": 99.95,
      "percentageClientsWithoutService": 0.05,
      "totalClients": 216605,
      "totalClientsWithService": 216488,
      "totalClientsWithoutService": 117
    },
    {
      "name": "Ponce",
      "percentageClientsWithService": 99.91,
      "percentageClientsWithoutService": 0.09,
      "totalClients": 212508,
      "totalClientsWithService": 212307,
      "totalClientsWithoutService": 201
    },
    {
      "name": "San Juan",
      "percentageClientsWithService": 99.96,
      "percentageClientsWithoutService": 0.04,
      "totalClients": 253068,
      "totalClientsWithService": 252956,
      "totalClientsWithoutService": 112
    }
  ],
  "timestamp": "01/20/2024 12:30 PM",
  "totals": {
    "totalClients": 1468223,
    "totalClientsWithService": 1466684,
    "totalClientsWithoutService": 1539,
    "totalPercentageWithService": 99.9,
    "totalPercentageWithoutService": 0.1
  }
}