{
  "regions": [
    {
      "name": "Arecibo",
      "percentageClientsWithService": 99.79,
      "percentageClientsWithoutService": 0.21,
      "totalClients": 177369,
      "totalClientsWithService": 176988,
      "totalClientsWithoutService": 381
    },
    {
      "name": "Bayamon",
      "percentageClientsWithService": 99.91,
      "percentageClientsWithoutService": 0.09,
      "totalClients": 216496,
      "totalClientsWithService": 216295,
      "totalClientsWithoutService": 201
    },
    {
      "name": "Carolina",
      "percentageClientsWithService": 99.94,
      "percentageClientsWithoutService": 0.06,
      "totalClients": 141663,
      "totalClientsWithService": 141575,
      "totalClientsWithoutService": 88
    },
    {
      "name": "Caguas",
      "percentageClientsWithService": 99.97,
      "percentageClientsWithoutService": 0.03,
      "totalClients": 250514,
      "totalClientsWithService": 250431,
      "totalClientsWithoutService": 83
    },
    {
      "name": "Mayaguez",
      "percentageClientsWithService": 99.91,
      "percentageClientsWithoutService": 0.09,
      "totalClients": 216605,
      "totalClientsWithService": 216400,
      "totalClientsWithoutService": 205
    },
    {
      "name": "Ponce",
      "percentageClientsWithService": 98.73,
      "percentageClientsWithoutService": 1.27,
      "totalClients": 212508,
      "totalClientsWithService": 209800,
      "totalClientsWithoutService": 2708
    },
    {
      "name": "San Juan",
      "percentageClientsWithService": 99.96,
      "percentageClientsWithoutService": 0.04,
      "totalClients": 253068,
      "totalClientsWithService": 252958,
      "totalClientsWithoutService": 110
    }
  ],
  "timestamp": "01/20/2024 10:05 AM",
  "totals": {
    "totalClients": 1468223,
    "totalClientsWithService": 1464447,
    "totalClientsWithoutService": 3776,
    "totalPercentageWithService": 99.74,
    "totalPercentageWithoutService": 0.26
  }
}