{
  "regions": [
    {
      "name": "Arecibo",
      "percentageClientsWithService": 99.91,
      "percentageClientsWithoutService": 0.09,
      "totalClients": 177369,
      "totalClientsWithService": 177217,
      "totalClientsWithoutService": 152
    },
    {
      "name": "Bayamon",
      "percentageClientsWithService": 99.99,
      "percentageClientsWithoutService": 0.01,
      "totalClients": 216496,
      "totalClientsWithService": 216484,
      "totalClientsWithoutService": 12
    },
    {
      "name": "Carolina",
      "percentageClientsWithService": 99.94,
      "percentageClientsWithoutService": 0.06,
      "totalClients": 141663,
      "totalClientsWithService": 141578,
      "totalClientsWithoutService": 85
    },
    {
      "name": "Caguas",
      "percentageClientsWithService": 99.93,
      "percentageClientsWithoutService": 0.07,
      "totalClients": 250514,
      "totalClientsWithService": 250350,
      "totalClientsWithoutService": 164
    },
    {
      "name": "Mayaguez",
      "percentageClientsWithService": 99.82,
      "percentageClientsWithoutService": 0.18,
      "totalClients": 216605,
      "totalClientsWithService": 216205,
      "totalClientsWithoutService": 400
    },
    {
      "name": "Ponce",
      "percentageClientsWithService": 100.0,
      "percentageClientsWithoutService": 0.0,
      "totalClients": 212508,
      "totalClientsWithService": 212503,
      "totalClientsWithoutService": 5
    },
    {
      "name": "San Juan",
      "percentageClientsWithService": 99.99,
      "percentageClientsWithoutService": 0.01,
      "totalClients": 253068,
      "totalClientsWithService": 253041,
      "totalClientsWithoutService": 27
    }
  ],
  "timestamp": "01/20/2024 08:15 AM",
  "totals": {
    "totalClients": 1468223,
    "totalClientsWithService": 1467378,
    "totalClientsWithoutService": 845,
    "totalPercentageWithService": 99.94,
    "totalPercentageWithoutService": 0.06
  }
}